datei,beta,r2
Places365_val_00024681.jpg,2.279134,0.991388
Places365_val_00020729.jpg,1.765905,0.982182
Places365_val_00008322.jpg,2.326048,0.989452
Places365_val_00030419.jpg,1.944720,0.939595
Places365_val_00003685.jpg,2.560099,0.979240
Places365_val_00023248.jpg,2.886373,0.983766
Places365_val_00003117.jpg,2.165919,0.993183
Places365_val_00029577.jpg,2.096071,0.989000
Places365_val_00000408.jpg,1.995462,0.839735
Places365_val_00001554.jpg,2.419530,0.995590
Places365_val_00021890.jpg,1.667850,0.802344
Places365_val_00025825.jpg,2.391551,0.981282
Places365_val_00033123.jpg,2.640084,0.990616
Places365_val_00013059.jpg,2.396345,0.992692
Places365_val_00025328.jpg,2.651458,0.995730
Places365_val_00011540.jpg,2.604674,0.983004
Places365_val_00006770.jpg,2.684067,0.996176
Places365_val_00010925.jpg,2.111446,0.987892
Places365_val_00018765.jpg,2.264411,0.971757
Places365_val_00034690.jpg,2.324717,0.978800
Places365_val_00009481.jpg,2.868500,0.989257
Places365_val_00004898.jpg,2.143858,0.964872
Places365_val_00020740.jpg,2.538277,0.985841
Places365_val_00019907.jpg,2.777745,0.993077
Places365_val_00010331.jpg,2.634396,0.996423
Places365_val_00002578.jpg,2.507124,0.981777
Places365_val_00006142.jpg,2.288522,0.991133
Places365_val_00020577.jpg,2.814170,0.988965
Places365_val_00027998.jpg,2.314193,0.989201
Places365_val_00024883.jpg,1.955039,0.991906
Places365_val_00036456.jpg,1.880174,0.977611
Places365_val_00015555.jpg,2.633207,0.994407
Places365_val_00013827.jpg,2.386266,0.990190
Places365_val_00026872.jpg,2.443393,0.991723
Places365_val_00030024.jpg,3.062746,0.988525
Places365_val_00021706.jpg,2.402348,0.991788
Places365_val_00024182.jpg,2.427859,0.968584
Places365_val_00012228.jpg,2.287123,0.994227
Places365_val_00024716.jpg,1.631319,0.961647
Places365_val_00000018.jpg,2.827527,0.993310
Places365_val_00033043.jpg,2.354595,0.960383
Places365_val_00006765.jpg,2.534826,0.982230
Places365_val_00030406.jpg,2.549233,0.984900
Places365_val_00010541.jpg,2.260916,0.984660
Places365_val_00005645.jpg,2.358459,0.988973
Places365_val_00021833.jpg,2.002383,0.988687
Places365_val_00028094.jpg,2.204114,0.987808
Places365_val_00009169.jpg,2.595088,0.979045
Places365_val_00017221.jpg,2.306997,0.975984
Places365_val_00011432.jpg,2.200553,0.990169
Places365_val_00027456.jpg,2.628631,0.992018
Places365_val_00027747.jpg,2.065918,0.990848
Places365_val_00009398.jpg,2.388219,0.993622
Places365_val_00024312.jpg,2.333627,0.996146
Places365_val_00009387.jpg,2.886021,0.994326
Places365_val_00013071.jpg,2.602755,0.996500
Places365_val_00014262.jpg,2.645037,0.991915
Places365_val_00028107.jpg,2.499290,0.991395
Places365_val_00031243.jpg,2.595965,0.976514
Places365_val_00031360.jpg,2.902021,0.986933
Places365_val_00032184.jpg,2.629409,0.982565
Places365_val_00021332.jpg,2.247295,0.996594
Places365_val_00027644.jpg,2.820211,0.967859
Places365_val_00008809.jpg,2.287179,0.970811
Places365_val_00030624.jpg,2.812878,0.993026
Places365_val_00023042.jpg,2.007927,0.989873
Places365_val_00028719.jpg,2.868106,0.995631
Places365_val_00012200.jpg,2.568714,0.983154
Places365_val_00003779.jpg,3.245273,0.997970
Places365_val_00019891.jpg,2.295100,0.990887
Places365_val_00019874.jpg,2.818431,0.994465
Places365_val_00017394.jpg,2.338676,0.993750
Places365_val_00022508.jpg,2.729525,0.989700
Places365_val_00034151.jpg,2.463862,0.988908
Places365_val_00028603.jpg,2.639941,0.992879
Places365_val_00032313.jpg,2.133759,0.980463
Places365_val_00034310.jpg,2.695492,0.987290
Places365_val_00022917.jpg,2.272745,0.963908
Places365_val_00009360.jpg,2.717704,0.990917
Places365_val_00003665.jpg,2.493075,0.986203
Places365_val_00016924.jpg,2.521837,0.989432
Places365_val_00029845.jpg,2.413122,0.993229
Places365_val_00028677.jpg,2.708907,0.991451
Places365_val_00025575.jpg,2.710197,0.993897
Places365_val_00011124.jpg,1.646631,0.931330
Places365_val_00024704.jpg,2.802865,0.989298
Places365_val_00031669.jpg,2.814877,0.993409
Places365_val_00023622.jpg,3.007162,0.982613
Places365_val_00024288.jpg,2.219777,0.973326
Places365_val_00015092.jpg,2.220437,0.959612
Places365_val_00020199.jpg,2.863830,0.988257
Places365_val_00008567.jpg,2.684774,0.995879
Places365_val_00030501.jpg,2.934337,0.997670
Places365_val_00007514.jpg,2.622406,0.995161
Places365_val_00004243.jpg,2.190781,0.933834
Places365_val_00025426.jpg,2.210644,0.994078
Places365_val_00016759.jpg,3.114851,0.997091
Places365_val_00030078.jpg,1.944121,0.994872
Places365_val_00016302.jpg,2.395957,0.987389
Places365_val_00027374.jpg,2.200950,0.976625
Places365_val_00008160.jpg,2.769758,0.983360
Places365_val_00026345.jpg,2.548809,0.992942
Places365_val_00028770.jpg,3.209505,0.997806
Places365_val_00011637.jpg,2.207057,0.994945
Places365_val_00005875.jpg,2.072824,0.984986
Places365_val_00004151.jpg,2.495739,0.994571
Places365_val_00006029.jpg,1.807595,0.966137
Places365_val_00013709.jpg,2.554308,0.992922
Places365_val_00021192.jpg,2.671879,0.996525
Places365_val_00027544.jpg,1.609767,0.911426
Places365_val_00001780.jpg,2.462429,0.995551
Places365_val_00003583.jpg,2.387083,0.974560
Places365_val_00035100.jpg,2.462281,0.993749
Places365_val_00001578.jpg,4.138765,0.978300
Places365_val_00032331.jpg,2.862333,0.970887
Places365_val_00029209.jpg,2.825876,0.993998
Places365_val_00017470.jpg,2.476240,0.972405
Places365_val_00013833.jpg,2.095571,0.991837
Places365_val_00033761.jpg,2.415955,0.994605
Places365_val_00036198.jpg,2.287859,0.990356
Places365_val_00026609.jpg,2.080274,0.992047
Places365_val_00001351.jpg,2.970790,0.996297
Places365_val_00024425.jpg,2.374674,0.994444
Places365_val_00022578.jpg,2.688464,0.955654
Places365_val_00023932.jpg,2.148503,0.980180
Places365_val_00020981.jpg,1.379715,0.981334
Places365_val_00026553.jpg,1.826213,0.981565
Places365_val_00015776.jpg,2.656226,0.993276
Places365_val_00027185.jpg,2.569569,0.995948
Places365_val_00013592.jpg,2.184481,0.995005
Places365_val_00017127.jpg,2.192150,0.989953
Places365_val_00035962.jpg,2.213903,0.982666
Places365_val_00014387.jpg,2.410416,0.988430
Places365_val_00031726.jpg,2.341245,0.980395
Places365_val_00018625.jpg,2.436871,0.989932
Places365_val_00008159.jpg,2.541126,0.994941
Places365_val_00000210.jpg,2.663568,0.991534
Places365_val_00021329.jpg,2.850025,0.978237
Places365_val_00019002.jpg,2.603149,0.986488
Places365_val_00023106.jpg,2.445938,0.972279
Places365_val_00011584.jpg,3.034397,0.992731
Places365_val_00015011.jpg,2.536514,0.993864
Places365_val_00028195.jpg,2.262157,0.969250
Places365_val_00010463.jpg,2.404194,0.993214
Places365_val_00034103.jpg,2.659894,0.972994
Places365_val_00007576.jpg,1.970943,0.962196
Places365_val_00013794.jpg,2.545060,0.979094
Places365_val_00019718.jpg,2.334502,0.991796
Places365_val_00034924.jpg,2.394480,0.990026
Places365_val_00001617.jpg,2.681558,0.993820
Places365_val_00017566.jpg,2.500597,0.994016
Places365_val_00022959.jpg,2.333190,0.993984
Places365_val_00023127.jpg,2.179921,0.992983
Places365_val_00026439.jpg,2.584616,0.994348
Places365_val_00016374.jpg,2.011243,0.965504
Places365_val_00002305.jpg,2.130812,0.970880
Places365_val_00000240.jpg,2.536487,0.987380
Places365_val_00023222.jpg,2.663156,0.987539
Places365_val_00017254.jpg,2.626282,0.992280
Places365_val_00003469.jpg,2.585735,0.988511
Places365_val_00033597.jpg,1.961170,0.990288
Places365_val_00018047.jpg,2.676430,0.973447
Places365_val_00020948.jpg,2.120045,0.986913
Places365_val_00005756.jpg,2.140817,0.956167
Places365_val_00002815.jpg,2.561343,0.978743
Places365_val_00014041.jpg,2.321360,0.992854
Places365_val_00005189.jpg,2.431622,0.993505
Places365_val_00021578.jpg,2.428573,0.993384
Places365_val_00032042.jpg,2.548507,0.971748
Places365_val_00023351.jpg,2.598218,0.992940
Places365_val_00010437.jpg,1.866445,0.982401
Places365_val_00018094.jpg,2.456012,0.994439
Places365_val_00034779.jpg,2.653956,0.995432
Places365_val_00033229.jpg,2.356511,0.919658
Places365_val_00000547.jpg,2.265310,0.966246
Places365_val_00004987.jpg,2.946766,0.981733
Places365_val_00000642.jpg,2.571628,0.993550
Places365_val_00017637.jpg,2.350968,0.993526
Places365_val_00010988.jpg,1.208689,0.965476
Places365_val_00031289.jpg,2.992885,0.976362
Places365_val_00018322.jpg,2.125969,0.993983
Places365_val_00017109.jpg,3.112131,0.951878
Places365_val_00020098.jpg,2.438373,0.918557
Places365_val_00018314.jpg,2.472465,0.973335
Places365_val_00027564.jpg,2.628072,0.985598
Places365_val_00004529.jpg,2.490955,0.993108
Places365_val_00002968.jpg,2.679663,0.992952
Places365_val_00027850.jpg,2.450079,0.993413
Places365_val_00009347.jpg,2.659364,0.994579
Places365_val_00023274.jpg,2.934938,0.998282
Places365_val_00019585.jpg,2.614251,0.991491
Places365_val_00002559.jpg,2.727332,0.995060
Places365_val_00036043.jpg,1.978566,0.969777
Places365_val_00025454.jpg,3.067330,0.996334
Places365_val_00025705.jpg,2.538671,0.993494
Places365_val_00010234.jpg,2.037516,0.985693
Places365_val_00034426.jpg,2.167703,0.982804
Places365_val_00010184.jpg,2.391515,0.991043
Places365_val_00032239.jpg,2.424536,0.987088
Places365_val_00029734.jpg,2.626299,0.996539
Places365_val_00027277.jpg,2.482242,0.964174
Places365_val_00031254.jpg,2.210180,0.989006
Places365_val_00012230.jpg,2.300555,0.989797
Places365_val_00020547.jpg,1.996632,0.907392
Places365_val_00007960.jpg,2.635222,0.989005
Places365_val_00006926.jpg,2.472128,0.994111
Places365_val_00029562.jpg,2.681597,0.973194
Places365_val_00024208.jpg,2.688915,0.992542
Places365_val_00029743.jpg,2.011978,0.983186
Places365_val_00002501.jpg,2.929185,0.990308
Places365_val_00013484.jpg,3.471697,0.997700
Places365_val_00033802.jpg,2.186003,0.994829
Places365_val_00012510.jpg,2.057495,0.941207
Places365_val_00032099.jpg,2.243953,0.989749
Places365_val_00006660.jpg,2.471422,0.994127
Places365_val_00024386.jpg,2.052596,0.996672
Places365_val_00016510.jpg,2.628216,0.991968
Places365_val_00024053.jpg,2.336074,0.989856
Places365_val_00029939.jpg,2.794862,0.974820
Places365_val_00021310.jpg,2.188718,0.991744
Places365_val_00029191.jpg,2.340438,0.986849
Places365_val_00003356.jpg,2.402002,0.991100
Places365_val_00007183.jpg,3.491065,0.998814
Places365_val_00005137.jpg,2.998592,0.989879
Places365_val_00033069.jpg,4.159701,0.978830
Places365_val_00009446.jpg,1.998488,0.974708
Places365_val_00015766.jpg,2.424581,0.993777
Places365_val_00033062.jpg,2.498760,0.971188
Places365_val_00018895.jpg,2.530625,0.980190
Places365_val_00027411.jpg,2.468945,0.984872
Places365_val_00016867.jpg,2.247936,0.989228
Places365_val_00012498.jpg,1.898964,0.959618
Places365_val_00012272.jpg,2.627467,0.982038
Places365_val_00003647.jpg,2.098489,0.989201
Places365_val_00008222.jpg,2.750074,0.989602
Places365_val_00019783.jpg,2.229108,0.992335
Places365_val_00035681.jpg,2.041597,0.991756
Places365_val_00015637.jpg,2.565267,0.995694
Places365_val_00021641.jpg,2.690969,0.991155
Places365_val_00003736.jpg,2.821571,0.993833
Places365_val_00006978.jpg,2.812183,0.968018
Places365_val_00005605.jpg,2.667460,0.993960
Places365_val_00020789.jpg,2.543799,0.978033
Places365_val_00001619.jpg,2.094216,0.983211
Places365_val_00011015.jpg,2.646044,0.993241
Places365_val_00032900.jpg,3.029258,0.991597
Places365_val_00028823.jpg,2.445430,0.980288
Places365_val_00030188.jpg,1.868788,0.952694
Places365_val_00012576.jpg,2.431799,0.992102
Places365_val_00017868.jpg,1.940732,0.987162
Places365_val_00015353.jpg,2.589527,0.996739
Places365_val_00022572.jpg,2.230966,0.991803
Places365_val_00002410.jpg,2.414571,0.990640
Places365_val_00020772.jpg,2.443909,0.977932
Places365_val_00028569.jpg,2.513538,0.995938
Places365_val_00035324.jpg,2.240383,0.986763
Places365_val_00029292.jpg,1.967943,0.974326
Places365_val_00035493.jpg,2.460654,0.986372
Places365_val_00021426.jpg,2.194411,0.991495
Places365_val_00013753.jpg,2.006573,0.980982
Places365_val_00009573.jpg,2.986751,0.977509
Places365_val_00035090.jpg,2.416789,0.926513
Places365_val_00035065.jpg,2.142125,0.986584
Places365_val_00016204.jpg,1.733894,0.992236
Places365_val_00003241.jpg,2.927143,0.966719
Places365_val_00033667.jpg,2.455497,0.989936
Places365_val_00011450.jpg,2.418072,0.996820
Places365_val_00015066.jpg,2.489171,0.991423
Places365_val_00024951.jpg,2.772989,0.995199
Places365_val_00029241.jpg,2.615357,0.980062
Places365_val_00024092.jpg,2.646721,0.974356
Places365_val_00018500.jpg,2.695314,0.988630
Places365_val_00023172.jpg,2.468001,0.971167
Places365_val_00007043.jpg,2.638898,0.991933
Places365_val_00034516.jpg,2.003359,0.942645
Places365_val_00000374.jpg,2.467718,0.981131
Places365_val_00011161.jpg,2.231335,0.980339
Places365_val_00034973.jpg,2.344467,0.991025
Places365_val_00011675.jpg,2.186680,0.990244
Places365_val_00022152.jpg,2.677570,0.989409
Places365_val_00008267.jpg,2.839748,0.995747
Places365_val_00011293.jpg,2.041729,0.997079
Places365_val_00022207.jpg,2.935233,0.987019
Places365_val_00002162.jpg,2.467091,0.993060
Places365_val_00001584.jpg,2.178221,0.977017
Places365_val_00002239.jpg,2.900182,0.994215
Places365_val_00024006.jpg,2.591352,0.994312
Places365_val_00025304.jpg,2.732197,0.991272
Places365_val_00013991.jpg,2.742924,0.990760
Places365_val_00027679.jpg,2.631048,0.994492
Places365_val_00015840.jpg,2.567926,0.994855
Places365_val_00018906.jpg,2.683012,0.980764
Places365_val_00011258.jpg,1.199833,0.982928
Places365_val_00027260.jpg,2.549233,0.990268
Places365_val_00012376.jpg,2.368021,0.924808
Places365_val_00010092.jpg,2.254861,0.992150
Places365_val_00027637.jpg,2.917528,0.990288
Places365_val_00024523.jpg,2.064057,0.958479
Places365_val_00006180.jpg,2.755303,0.997554
Places365_val_00029782.jpg,2.364445,0.971598
Places365_val_00029251.jpg,2.457125,0.986333
Places365_val_00002515.jpg,2.694486,0.990776
Places365_val_00021165.jpg,2.409426,0.938129
Places365_val_00022737.jpg,2.025872,0.965249
Places365_val_00028917.jpg,2.252974,0.989768
Places365_val_00005244.jpg,2.933280,0.997574
Places365_val_00019148.jpg,2.575965,0.984636
Places365_val_00017631.jpg,2.907418,0.989731
Places365_val_00032977.jpg,2.141383,0.991565
Places365_val_00024611.jpg,2.550329,0.992857
Places365_val_00010897.jpg,3.083195,0.992427
Places365_val_00004493.jpg,2.123508,0.992639
Places365_val_00028322.jpg,2.809069,0.978410
Places365_val_00015064.jpg,3.402315,0.993426
Places365_val_00033296.jpg,2.551906,0.991197
Places365_val_00028876.jpg,2.880078,0.991679
Places365_val_00020458.jpg,2.458230,0.987921
Places365_val_00000387.jpg,2.582760,0.972095
Places365_val_00005978.jpg,2.288367,0.917347
Places365_val_00032493.jpg,2.647497,0.958086
Places365_val_00035936.jpg,2.012779,0.981098
Places365_val_00008110.jpg,2.216312,0.995880
Places365_val_00012139.jpg,2.396329,0.993925
Places365_val_00033503.jpg,3.544353,0.983333
Places365_val_00006827.jpg,2.046274,0.970500
Places365_val_00017487.jpg,3.249831,0.983759
Places365_val_00018539.jpg,2.654423,0.995044
Places365_val_00016147.jpg,3.180797,0.992581
Places365_val_00035832.jpg,2.513751,0.993354
Places365_val_00002231.jpg,2.928970,0.987329
Places365_val_00023845.jpg,2.247604,0.993815
Places365_val_00021668.jpg,2.617604,0.982151
Places365_val_00021603.jpg,2.765955,0.985249
Places365_val_00025136.jpg,3.103845,0.991019
Places365_val_00017590.jpg,1.731292,0.971700
Places365_val_00007621.jpg,2.780120,0.989210
Places365_val_00019567.jpg,3.155647,0.997383
Places365_val_00022146.jpg,2.676238,0.992572
Places365_val_00004024.jpg,2.840222,0.995580
Places365_val_00014614.jpg,2.417480,0.979514
Places365_val_00026202.jpg,2.421932,0.979729
Places365_val_00015613.jpg,2.582456,0.992024
Places365_val_00017354.jpg,2.040012,0.953440
Places365_val_00018011.jpg,2.680029,0.995927
Places365_val_00032204.jpg,2.394727,0.995181
Places365_val_00036053.jpg,1.716110,0.972158
Places365_val_00026742.jpg,2.147469,0.992188
Places365_val_00029409.jpg,2.422020,0.991571
Places365_val_00027710.jpg,3.244334,0.996677
Places365_val_00034560.jpg,2.690238,0.996040
Places365_val_00004717.jpg,2.179215,0.990238
Places365_val_00036313.jpg,2.816109,0.973979
Places365_val_00018534.jpg,2.029620,0.984359
Places365_val_00016137.jpg,2.829199,0.990973
Places365_val_00031153.jpg,2.431031,0.993108
Places365_val_00019082.jpg,2.645350,0.994819
Places365_val_00006910.jpg,2.619599,0.984561
Places365_val_00015477.jpg,2.769802,0.969292
Places365_val_00003111.jpg,2.267714,0.985329
Places365_val_00024657.jpg,1.491464,0.958992
Places365_val_00032756.jpg,2.688337,0.996744
Places365_val_00007078.jpg,2.067726,0.988934
Places365_val_00029691.jpg,2.897132,0.978624
Places365_val_00001122.jpg,2.436425,0.980613
Places365_val_00000092.jpg,2.133438,0.925543
Places365_val_00004927.jpg,2.145391,0.990316
Places365_val_00006014.jpg,2.190003,0.983592
Places365_val_00023077.jpg,2.398702,0.993756
Places365_val_00018642.jpg,1.908916,0.986148
Places365_val_00033553.jpg,2.054074,0.991834
Places365_val_00014633.jpg,2.964242,0.990122
Places365_val_00006015.jpg,2.332088,0.984530
Places365_val_00007849.jpg,2.918481,0.994756
Places365_val_00017524.jpg,2.557089,0.998133
Places365_val_00001209.jpg,2.101609,0.982403
Places365_val_00008356.jpg,2.207059,0.982460
Places365_val_00012085.jpg,2.051192,0.994021
Places365_val_00015267.jpg,2.506247,0.992059
Places365_val_00028168.jpg,3.045878,0.996941
Places365_val_00025838.jpg,2.427168,0.993081
Places365_val_00035774.jpg,2.002015,0.991567
Places365_val_00019772.jpg,2.524029,0.995231
Places365_val_00034668.jpg,1.447436,0.937730
Places365_val_00023038.jpg,2.835972,0.995020
Places365_val_00000503.jpg,3.086116,0.994865
Places365_val_00002530.jpg,2.990263,0.989332
Places365_val_00033369.jpg,2.894487,0.988169
Places365_val_00004636.jpg,2.151239,0.934598
Places365_val_00010475.jpg,2.780219,0.995895
Places365_val_00009506.jpg,2.502630,0.995635
Places365_val_00026120.jpg,2.203215,0.993679
Places365_val_00014924.jpg,2.461376,0.994371
Places365_val_00027412.jpg,2.826412,0.996557
Places365_val_00016982.jpg,1.921934,0.984591
Places365_val_00021182.jpg,2.634669,0.996250
Places365_val_00003287.jpg,2.677370,0.995944
Places365_val_00025572.jpg,1.888814,0.974600
Places365_val_00030253.jpg,2.460703,0.990553
Places365_val_00006788.jpg,3.049746,0.968069
Places365_val_00018927.jpg,2.551622,0.994576
Places365_val_00022918.jpg,2.428892,0.993049
Places365_val_00017291.jpg,1.679828,0.992782
Places365_val_00009183.jpg,2.086029,0.972273
Places365_val_00025865.jpg,2.922888,0.993914
Places365_val_00014624.jpg,2.242936,0.992426
Places365_val_00014088.jpg,2.656116,0.992288
Places365_val_00022265.jpg,2.271287,0.994135
Places365_val_00010982.jpg,2.473981,0.991338
Places365_val_00006591.jpg,1.932742,0.962032
Places365_val_00004272.jpg,2.395280,0.994055
Places365_val_00006291.jpg,1.975093,0.991124
Places365_val_00008020.jpg,3.276343,0.987417
Places365_val_00020799.jpg,3.228935,0.978771
Places365_val_00021285.jpg,2.918726,0.989843
Places365_val_00032560.jpg,2.718597,0.995476
Places365_val_00034693.jpg,2.440296,0.993354
Places365_val_00000763.jpg,1.411386,0.834522
Places365_val_00033334.jpg,1.880468,0.972198
Places365_val_00010330.jpg,3.123477,0.991565
Places365_val_00023140.jpg,2.569333,0.986110
Places365_val_00032754.jpg,2.571557,0.978672
Places365_val_00006905.jpg,1.997708,0.980212
Places365_val_00016690.jpg,2.261884,0.974787
Places365_val_00031198.jpg,2.184873,0.992848
Places365_val_00005632.jpg,2.768640,0.988534
Places365_val_00009298.jpg,2.437926,0.984963
Places365_val_00036233.jpg,2.473228,0.994866
Places365_val_00027864.jpg,2.007183,0.963707
Places365_val_00017643.jpg,2.107386,0.974168
Places365_val_00028954.jpg,2.507528,0.992278
Places365_val_00013666.jpg,2.826801,0.977505
Places365_val_00028237.jpg,2.622899,0.982020
Places365_val_00011895.jpg,2.643894,0.994122
Places365_val_00029026.jpg,3.139704,0.975995
Places365_val_00015782.jpg,1.601857,0.976638
Places365_val_00015704.jpg,2.982583,0.995344
Places365_val_00019936.jpg,2.336598,0.992614
Places365_val_00013343.jpg,2.026695,0.958425
Places365_val_00014480.jpg,2.540551,0.957096
Places365_val_00005650.jpg,2.566037,0.990681
Places365_val_00014114.jpg,1.954164,0.979280
Places365_val_00002798.jpg,2.159700,0.997430
Places365_val_00035875.jpg,2.112530,0.979582
Places365_val_00001698.jpg,2.189395,0.972638
Places365_val_00009396.jpg,2.526780,0.985058
Places365_val_00030545.jpg,2.500189,0.982816
Places365_val_00031836.jpg,1.821478,0.988731
Places365_val_00003628.jpg,2.623926,0.993216
Places365_val_00025071.jpg,2.846592,0.982437
Places365_val_00014083.jpg,2.063549,0.982510
Places365_val_00004516.jpg,1.939404,0.982502
Places365_val_00014477.jpg,2.069505,0.990417
Places365_val_00028817.jpg,2.364831,0.995865
Places365_val_00023300.jpg,2.791560,0.996834
Places365_val_00021947.jpg,1.897131,0.990443
Places365_val_00023370.jpg,2.395275,0.996267
Places365_val_00020762.jpg,2.608590,0.994949
Places365_val_00002522.jpg,2.446581,0.985419
Places365_val_00014344.jpg,2.676694,0.956613
Places365_val_00016333.jpg,1.469292,0.988920
Places365_val_00005721.jpg,2.183348,0.992127
Places365_val_00005126.jpg,2.617023,0.995429
Places365_val_00009189.jpg,2.429027,0.987921
Places365_val_00027533.jpg,2.256981,0.995565
Places365_val_00021941.jpg,2.583083,0.994449
Places365_val_00007285.jpg,2.849459,0.991339
Places365_val_00023021.jpg,2.521464,0.994629
Places365_val_00020122.jpg,2.597299,0.974767
Places365_val_00007245.jpg,3.319673,0.980268
Places365_val_00017741.jpg,2.569562,0.991564
Places365_val_00002543.jpg,2.560703,0.980286
Places365_val_00013436.jpg,2.805839,0.996624
Places365_val_00008355.jpg,2.231094,0.973185
Places365_val_00007873.jpg,2.333846,0.954669
Places365_val_00023463.jpg,2.486610,0.988910
Places365_val_00019514.jpg,2.242296,0.997574
Places365_val_00002554.jpg,2.547128,0.987905
Places365_val_00035147.jpg,1.623954,0.951856
Places365_val_00008208.jpg,3.488526,0.995672
Places365_val_00019277.jpg,2.974441,0.994915
Places365_val_00000774.jpg,2.438018,0.987596
Places365_val_00014000.jpg,2.827828,0.995600
Places365_val_00015864.jpg,2.117138,0.962062
Places365_val_00022069.jpg,2.501383,0.992624
Places365_val_00006114.jpg,2.602840,0.967159
Places365_val_00017370.jpg,2.769513,0.995711
Places365_val_00027804.jpg,2.322431,0.985489
Places365_val_00027391.jpg,2.819204,0.995173
Places365_val_00025009.jpg,2.562555,0.988179
Places365_val_00021638.jpg,3.112258,0.995479
Places365_val_00002240.jpg,2.707590,0.972586
Places365_val_00024893.jpg,2.423716,0.973682
Places365_val_00022197.jpg,2.428435,0.988357
Places365_val_00005007.jpg,2.221189,0.968759
Places365_val_00009618.jpg,2.375085,0.995057
Places365_val_00006840.jpg,2.180071,0.984780
Places365_val_00016588.jpg,2.444945,0.972093
Places365_val_00020696.jpg,2.433067,0.986180
Places365_val_00022087.jpg,2.853986,0.998318
Places365_val_00015220.jpg,2.860837,0.979752
Places365_val_00028892.jpg,3.827149,0.984496
Places365_val_00007758.jpg,2.598966,0.993266
Places365_val_00022685.jpg,2.476244,0.990263
Places365_val_00004600.jpg,3.187210,0.986672
Places365_val_00011365.jpg,2.648065,0.997129
Places365_val_00008614.jpg,1.528965,0.944306
Places365_val_00024927.jpg,2.465620,0.993093
Places365_val_00028935.jpg,2.458113,0.960640
Places365_val_00008024.jpg,2.268185,0.972296
Places365_val_00030461.jpg,2.602550,0.948939
Places365_val_00033739.jpg,2.850640,0.995554
Places365_val_00012424.jpg,2.703489,0.992103
Places365_val_00017083.jpg,2.195545,0.989018
Places365_val_00001243.jpg,2.606006,0.988375
Places365_val_00002558.jpg,1.761276,0.963769
Places365_val_00003731.jpg,2.746824,0.983627
Places365_val_00018681.jpg,2.125079,0.989218
Places365_val_00030067.jpg,2.425632,0.992234
Places365_val_00028266.jpg,2.202376,0.976433
Places365_val_00023365.jpg,2.454971,0.995390
Places365_val_00010726.jpg,1.633839,0.915629
Places365_val_00033956.jpg,2.580486,0.972630
Places365_val_00000192.jpg,2.935687,0.993776
Places365_val_00010948.jpg,2.778157,0.991528
Places365_val_00035672.jpg,2.449496,0.968030
Places365_val_00033579.jpg,1.871490,0.981003
Places365_val_00023232.jpg,2.057818,0.975323
Places365_val_00035896.jpg,2.552037,0.997151
Places365_val_00030827.jpg,2.477135,0.961709
Places365_val_00035561.jpg,1.679014,0.994920
Places365_val_00023109.jpg,2.601184,0.987348
Places365_val_00035371.jpg,2.011182,0.966856
Places365_val_00029396.jpg,3.363827,0.995649
Places365_val_00001651.jpg,2.225174,0.995431
Places365_val_00006921.jpg,2.535112,0.989379
Places365_val_00026077.jpg,3.103539,0.990792
Places365_val_00034161.jpg,2.366780,0.997196
Places365_val_00011294.jpg,2.740130,0.989255
Places365_val_00018315.jpg,3.127718,0.975960
Places365_val_00030003.jpg,2.574004,0.980895
Places365_val_00020792.jpg,2.244630,0.987174
Places365_val_00033202.jpg,2.264317,0.982783
Places365_val_00030765.jpg,2.170441,0.994936
Places365_val_00013189.jpg,2.727020,0.998212
Places365_val_00002991.jpg,2.656269,0.994406
Places365_val_00004071.jpg,2.527387,0.988094
Places365_val_00004058.jpg,2.364044,0.993860
Places365_val_00021485.jpg,2.425112,0.983841
Places365_val_00030467.jpg,2.877636,0.984591
Places365_val_00003313.jpg,2.544092,0.992428
Places365_val_00016218.jpg,2.311424,0.985800
Places365_val_00002258.jpg,2.770719,0.988952
Places365_val_00022580.jpg,1.670363,0.993081
Places365_val_00018648.jpg,3.094565,0.995705
Places365_val_00032742.jpg,2.671946,0.982778
Places365_val_00031812.jpg,2.032522,0.968402
Places365_val_00036157.jpg,2.660671,0.989238
Places365_val_00009628.jpg,2.773618,0.995110
Places365_val_00019174.jpg,2.654167,0.983181
Places365_val_00007539.jpg,2.549239,0.993360
Places365_val_00018559.jpg,2.580449,0.953645
Places365_val_00007193.jpg,2.012141,0.984053
Places365_val_00013780.jpg,1.691672,0.986761
Places365_val_00025273.jpg,2.337160,0.990132
Places365_val_00020780.jpg,2.787068,0.988835
Places365_val_00012452.jpg,2.423770,0.997793
Places365_val_00007759.jpg,2.725375,0.991966
Places365_val_00027835.jpg,2.507190,0.985454
Places365_val_00024293.jpg,2.508380,0.987912
Places365_val_00009978.jpg,2.368131,0.973448
Places365_val_00004954.jpg,2.433027,0.962908
Places365_val_00019898.jpg,3.180042,0.995943
Places365_val_00032639.jpg,1.959113,0.988017
Places365_val_00003176.jpg,2.714772,0.994735
Places365_val_00019389.jpg,2.511398,0.990913
Places365_val_00025144.jpg,2.531861,0.995549
Places365_val_00036190.jpg,2.292459,0.989540
Places365_val_00016035.jpg,2.715888,0.996132
Places365_val_00017940.jpg,3.091806,0.974608
Places365_val_00018820.jpg,2.459005,0.989929
Places365_val_00004016.jpg,2.926048,0.987096
Places365_val_00007264.jpg,1.880026,0.991127
Places365_val_00035279.jpg,2.966344,0.986314
Places365_val_00020572.jpg,2.400049,0.996965
Places365_val_00028795.jpg,2.672001,0.991122
Places365_val_00019726.jpg,2.434132,0.985155
Places365_val_00009668.jpg,2.315198,0.957496
Places365_val_00014595.jpg,1.069621,0.925766
Places365_val_00026763.jpg,2.859917,0.995864
Places365_val_00026856.jpg,1.782896,0.990288
Places365_val_00030462.jpg,2.489426,0.995697
Places365_val_00024355.jpg,2.815540,0.990427
Places365_val_00029685.jpg,2.505175,0.990163
Places365_val_00025546.jpg,2.634329,0.994719
Places365_val_00030238.jpg,2.555216,0.982286
Places365_val_00028555.jpg,2.472512,0.984629
Places365_val_00017347.jpg,2.196806,0.983950
Places365_val_00015485.jpg,1.908696,0.990799
Places365_val_00010722.jpg,2.199343,0.986262
Places365_val_00015630.jpg,1.795146,0.965494
Places365_val_00032449.jpg,2.375641,0.984798
Places365_val_00016439.jpg,2.520066,0.991830
Places365_val_00005233.jpg,2.189856,0.975701
Places365_val_00011170.jpg,2.752732,0.994423
Places365_val_00007643.jpg,3.402872,0.982718
Places365_val_00031253.jpg,2.777298,0.993573
Places365_val_00019283.jpg,2.615184,0.988264
Places365_val_00029894.jpg,2.586097,0.995262
Places365_val_00009251.jpg,1.423454,0.983265
Places365_val_00032566.jpg,2.115131,0.992182
Places365_val_00023588.jpg,2.837626,0.980051
Places365_val_00008286.jpg,2.000822,0.986987
Places365_val_00031250.jpg,2.701429,0.985222
Places365_val_00009442.jpg,2.197201,0.995023
Places365_val_00013796.jpg,2.226880,0.987208
Places365_val_00035069.jpg,2.379059,0.973426
Places365_val_00007638.jpg,2.749383,0.989508
Places365_val_00010444.jpg,2.650380,0.993712
Places365_val_00010418.jpg,2.767167,0.983854
Places365_val_00018882.jpg,2.344179,0.969775
Places365_val_00005186.jpg,2.563533,0.947460
Places365_val_00030282.jpg,2.252677,0.981166
Places365_val_00023041.jpg,2.437972,0.992362
Places365_val_00008588.jpg,1.444989,0.978936
Places365_val_00034611.jpg,1.678368,0.955372
Places365_val_00027568.jpg,1.884136,0.972356
Places365_val_00000476.jpg,2.361727,0.990459
Places365_val_00003969.jpg,2.452917,0.987287
Places365_val_00032007.jpg,2.370940,0.989389
Places365_val_00012444.jpg,1.653409,0.960597
Places365_val_00018237.jpg,2.836321,0.995256
Places365_val_00017205.jpg,2.312399,0.988044
Places365_val_00023393.jpg,2.283093,0.962256
Places365_val_00013488.jpg,2.055640,0.955766
Places365_val_00019804.jpg,2.748436,0.997760
Places365_val_00026021.jpg,2.608900,0.983414
Places365_val_00005355.jpg,2.482613,0.990948
Places365_val_00030837.jpg,2.771643,0.991012
Places365_val_00033735.jpg,2.259368,0.986359
Places365_val_00011511.jpg,2.409112,0.984210
Places365_val_00034672.jpg,2.175885,0.974639
Places365_val_00006741.jpg,2.315824,0.994473
Places365_val_00035307.jpg,2.137013,0.956657
Places365_val_00009923.jpg,2.771434,0.986382
Places365_val_00035713.jpg,2.235401,0.982216
Places365_val_00032641.jpg,2.256724,0.974988
Places365_val_00017455.jpg,2.329459,0.970748
Places365_val_00034838.jpg,3.161530,0.980837
Places365_val_00019683.jpg,2.412642,0.972062
Places365_val_00011808.jpg,1.548316,0.992952
Places365_val_00011572.jpg,2.399778,0.967064
Places365_val_00001660.jpg,2.209256,0.982034
Places365_val_00016972.jpg,2.935435,0.994708
Places365_val_00021646.jpg,2.110348,0.991654
Places365_val_00011361.jpg,2.048371,0.992200
Places365_val_00032167.jpg,1.989554,0.990998
Places365_val_00022292.jpg,1.848443,0.938927
Places365_val_00034164.jpg,2.287568,0.989795
Places365_val_00001849.jpg,2.341275,0.969850
Places365_val_00000361.jpg,3.018858,0.994790
Places365_val_00005640.jpg,0.870005,0.934309
Places365_val_00002926.jpg,2.683643,0.986024
Places365_val_00012207.jpg,2.408753,0.988072
Places365_val_00033249.jpg,3.025281,0.970114
Places365_val_00018262.jpg,2.707862,0.988751
Places365_val_00004028.jpg,3.033558,0.995228
Places365_val_00021472.jpg,2.420286,0.981243
Places365_val_00018335.jpg,2.336714,0.992614
Places365_val_00009159.jpg,2.507654,0.976526
Places365_val_00014118.jpg,1.998842,0.994433
Places365_val_00018120.jpg,2.060080,0.993630
Places365_val_00019064.jpg,2.641837,0.995987
Places365_val_00032553.jpg,2.152332,0.985054
Places365_val_00009064.jpg,2.458223,0.988527
Places365_val_00032022.jpg,2.672517,0.986476
Places365_val_00004652.jpg,2.750040,0.988683
Places365_val_00036283.jpg,2.720769,0.953997
Places365_val_00008583.jpg,2.209105,0.985915
Places365_val_00024482.jpg,2.346039,0.978132
Places365_val_00006151.jpg,2.019992,0.987655
Places365_val_00007218.jpg,2.211273,0.979012
Places365_val_00022978.jpg,2.151718,0.997176
Places365_val_00010759.jpg,2.760553,0.993584
Places365_val_00015896.jpg,2.331768,0.987377
Places365_val_00032117.jpg,3.291687,0.987439
Places365_val_00036086.jpg,2.716632,0.995075
Places365_val_00001742.jpg,2.526934,0.987027
Places365_val_00036061.jpg,2.054877,0.968508
Places365_val_00000187.jpg,2.283099,0.991655
Places365_val_00012020.jpg,3.104186,0.992761
Places365_val_00026835.jpg,2.994326,0.982755
Places365_val_00022070.jpg,2.215484,0.981759
Places365_val_00010656.jpg,2.887637,0.988271
Places365_val_00013716.jpg,2.340329,0.987716
Places365_val_00025191.jpg,2.734127,0.991235
Places365_val_00035754.jpg,2.118515,0.961159
Places365_val_00026453.jpg,2.710772,0.988456
Places365_val_00000401.jpg,2.439352,0.989564
Places365_val_00023814.jpg,2.960033,0.995333
Places365_val_00036064.jpg,2.457367,0.986969
Places365_val_00024102.jpg,2.629105,0.993963
Places365_val_00010059.jpg,2.110868,0.991996
Places365_val_00022014.jpg,2.815090,0.996542
Places365_val_00016071.jpg,2.834309,0.996791
Places365_val_00029786.jpg,2.133563,0.983255
Places365_val_00004771.jpg,2.444767,0.993762
Places365_val_00013579.jpg,2.480014,0.969957
Places365_val_00019690.jpg,2.309053,0.990235
Places365_val_00029575.jpg,2.335160,0.984817
Places365_val_00000076.jpg,2.255612,0.983180
Places365_val_00003134.jpg,2.788118,0.996537
Places365_val_00014438.jpg,2.122241,0.975672
Places365_val_00011332.jpg,2.396576,0.981932
Places365_val_00016223.jpg,2.201035,0.982844
Places365_val_00018993.jpg,2.187198,0.743838
Places365_val_00019024.jpg,2.249902,0.993580
Places365_val_00010621.jpg,2.389270,0.990915
Places365_val_00020534.jpg,2.476591,0.992953
Places365_val_00000197.jpg,2.365955,0.991285
Places365_val_00010263.jpg,2.679839,0.996910
Places365_val_00005652.jpg,2.377865,0.993525
Places365_val_00017577.jpg,2.612685,0.991418
Places365_val_00003770.jpg,2.342467,0.993784
Places365_val_00024924.jpg,2.390681,0.995708
Places365_val_00023711.jpg,1.969809,0.993718
Places365_val_00006648.jpg,2.744104,0.944951
Places365_val_00025804.jpg,1.895934,0.960753
Places365_val_00004737.jpg,2.208623,0.941556
Places365_val_00002580.jpg,3.005263,0.992386
Places365_val_00032355.jpg,2.401073,0.966476
Places365_val_00006469.jpg,2.173983,0.985748
Places365_val_00015508.jpg,2.743801,0.993898
Places365_val_00027058.jpg,2.362668,0.995184
Places365_val_00008274.jpg,2.068892,0.984905
Places365_val_00003559.jpg,2.081453,0.855541
Places365_val_00008193.jpg,3.803256,0.989046
Places365_val_00032289.jpg,2.650018,0.943135
Places365_val_00001709.jpg,2.764246,0.984786
Places365_val_00008584.jpg,2.267261,0.941042
Places365_val_00009252.jpg,2.323033,0.970649
Places365_val_00034940.jpg,2.579947,0.990257
Places365_val_00030991.jpg,2.504841,0.913762
Places365_val_00035388.jpg,2.380187,0.973760
Places365_val_00023025.jpg,2.335980,0.983774
Places365_val_00028079.jpg,3.013172,0.987148
Places365_val_00028964.jpg,2.042603,0.995115
Places365_val_00000101.jpg,2.483936,0.978475
Places365_val_00016239.jpg,2.618083,0.989898
Places365_val_00016676.jpg,1.897315,0.975416
Places365_val_00005832.jpg,2.795072,0.990734
Places365_val_00001045.jpg,2.360099,0.954845
Places365_val_00035221.jpg,2.334225,0.987130
Places365_val_00020491.jpg,2.444950,0.990516
Places365_val_00022320.jpg,2.516459,0.994702
Places365_val_00034033.jpg,2.824564,0.992531
Places365_val_00029465.jpg,3.308458,0.964323
Places365_val_00020634.jpg,2.405523,0.994779
Places365_val_00026351.jpg,2.983791,0.997510
Places365_val_00033577.jpg,2.428317,0.996954
Places365_val_00029488.jpg,2.320820,0.995315
Places365_val_00006196.jpg,2.102365,0.940550
Places365_val_00026838.jpg,2.645018,0.993392
Places365_val_00032608.jpg,3.899668,0.998139
Places365_val_00033811.jpg,2.252844,0.976973
Places365_val_00025397.jpg,2.467461,0.993400
Places365_val_00008857.jpg,2.947488,0.960125
Places365_val_00030725.jpg,1.679332,0.979041
Places365_val_00018547.jpg,1.927357,0.971157
Places365_val_00007808.jpg,2.554841,0.991481
Places365_val_00032507.jpg,2.542833,0.987524
Places365_val_00035732.jpg,2.524532,0.994219
Places365_val_00014075.jpg,2.777062,0.988738
Places365_val_00027322.jpg,2.604967,0.992294
Places365_val_00028218.jpg,2.482759,0.993699
Places365_val_00019496.jpg,1.998737,0.988948
Places365_val_00000525.jpg,2.618615,0.991730
Places365_val_00001693.jpg,2.130068,0.961947
Places365_val_00009760.jpg,2.144625,0.977422
Places365_val_00004112.jpg,2.356224,0.975055
Places365_val_00018536.jpg,2.533163,0.984129
Places365_val_00033201.jpg,2.813923,0.987708
Places365_val_00029337.jpg,2.558653,0.988350
Places365_val_00031361.jpg,2.417758,0.990834
Places365_val_00003409.jpg,2.534663,0.994645
Places365_val_00035461.jpg,2.114553,0.987804
Places365_val_00014162.jpg,2.353370,0.993481
Places365_val_00028742.jpg,2.636259,0.994569
Places365_val_00012916.jpg,2.087334,0.994460
Places365_val_00017965.jpg,2.719978,0.983086
Places365_val_00023342.jpg,3.257149,0.987350
Places365_val_00035238.jpg,2.490901,0.992512
Places365_val_00007345.jpg,3.265902,0.994257
Places365_val_00022509.jpg,2.352846,0.981819
Places365_val_00035653.jpg,2.621272,0.990605
Places365_val_00001825.jpg,1.919738,0.979420
Places365_val_00010650.jpg,2.882426,0.986091
Places365_val_00006923.jpg,2.631694,0.991745
Places365_val_00031021.jpg,2.497839,0.990417
Places365_val_00036017.jpg,2.788161,0.994844
Places365_val_00033303.jpg,2.122525,0.978452
Places365_val_00023205.jpg,1.895059,0.993562
Places365_val_00010966.jpg,2.772026,0.992609
Places365_val_00008925.jpg,3.158337,0.992452
Places365_val_00032121.jpg,2.072472,0.992151
Places365_val_00015244.jpg,2.724212,0.993707
Places365_val_00012793.jpg,3.028371,0.996330
Places365_val_00001205.jpg,2.860230,0.996135
Places365_val_00007975.jpg,2.253398,0.984539
Places365_val_00013907.jpg,2.316511,0.992850
Places365_val_00029869.jpg,2.789258,0.994263
Places365_val_00025353.jpg,2.082843,0.978666
Places365_val_00006403.jpg,2.956576,0.981283
Places365_val_00024846.jpg,2.498400,0.980883
Places365_val_00013878.jpg,1.944531,0.931652
Places365_val_00016243.jpg,2.425248,0.994841
Places365_val_00007007.jpg,2.631739,0.996327
Places365_val_00028704.jpg,2.547961,0.995011
Places365_val_00025013.jpg,1.982428,0.986384
Places365_val_00019107.jpg,1.721998,0.987943
Places365_val_00004761.jpg,3.077447,0.969642
Places365_val_00017546.jpg,2.527022,0.977034
Places365_val_00029061.jpg,1.758573,0.963521
Places365_val_00014008.jpg,2.503596,0.995642
Places365_val_00020370.jpg,2.405319,0.988090
Places365_val_00002956.jpg,3.016740,0.995373
Places365_val_00005089.jpg,2.987481,0.993159
Places365_val_00033884.jpg,3.093217,0.987168
Places365_val_00002228.jpg,2.494100,0.980033
Places365_val_00012953.jpg,2.645409,0.997797
Places365_val_00025330.jpg,2.316235,0.985255
Places365_val_00018276.jpg,2.697966,0.996250
Places365_val_00035782.jpg,2.628173,0.997891
Places365_val_00001052.jpg,2.237018,0.985832
Places365_val_00031979.jpg,1.827020,0.978044
Places365_val_00000658.jpg,2.721391,0.989717
Places365_val_00014218.jpg,1.995287,0.985898
Places365_val_00017520.jpg,2.584857,0.994941
Places365_val_00008424.jpg,2.152888,0.985476
Places365_val_00016682.jpg,2.700071,0.982624
Places365_val_00031834.jpg,2.420657,0.988152
Places365_val_00032229.jpg,2.576361,0.996753
Places365_val_00008144.jpg,2.537890,0.989377
Places365_val_00013506.jpg,2.786305,0.992221
Places365_val_00008941.jpg,2.188458,0.991760
Places365_val_00033227.jpg,2.508719,0.980593
Places365_val_00014474.jpg,3.140939,0.996434
Places365_val_00004574.jpg,2.335401,0.991274
Places365_val_00023254.jpg,1.665574,0.971628
Places365_val_00025767.jpg,2.062909,0.992415
Places365_val_00006830.jpg,2.367443,0.983959
Places365_val_00025185.jpg,2.882704,0.996196
Places365_val_00018123.jpg,2.286299,0.986672
Places365_val_00010023.jpg,2.294353,0.955950
Places365_val_00010616.jpg,2.363245,0.941927
Places365_val_00011109.jpg,2.690206,0.996263
Places365_val_00031831.jpg,2.568677,0.989687
Places365_val_00002059.jpg,2.527446,0.995718
Places365_val_00000059.jpg,2.361210,0.985084
Places365_val_00009397.jpg,2.614742,0.961145
Places365_val_00008007.jpg,2.202072,0.983733
Places365_val_00004833.jpg,2.551255,0.990877
Places365_val_00030569.jpg,2.301229,0.992038
Places365_val_00010128.jpg,1.992567,0.982978
Places365_val_00026396.jpg,2.254813,0.976619
Places365_val_00014345.jpg,1.878983,0.976260
Places365_val_00020332.jpg,2.671315,0.985993
Places365_val_00010924.jpg,2.506673,0.988052
Places365_val_00030906.jpg,2.461031,0.989838
Places365_val_00033701.jpg,2.406082,0.994387
Places365_val_00029617.jpg,2.713838,0.994441
Places365_val_00035977.jpg,1.777050,0.993159
Places365_val_00012680.jpg,2.333057,0.982202
Places365_val_00026293.jpg,2.575508,0.984111
Places365_val_00018163.jpg,1.986915,0.983664
Places365_val_00026571.jpg,2.355002,0.988753
Places365_val_00012263.jpg,2.163284,0.980108
Places365_val_00015576.jpg,2.475077,0.988237
Places365_val_00004984.jpg,2.558166,0.995212
Places365_val_00007177.jpg,2.315865,0.976508
Places365_val_00029579.jpg,2.446633,0.957276
Places365_val_00010610.jpg,2.898177,0.988999
Places365_val_00022222.jpg,2.452090,0.994513
Places365_val_00016611.jpg,2.530727,0.993615
Places365_val_00017058.jpg,2.025422,0.969146
Places365_val_00021398.jpg,2.300932,0.985472
Places365_val_00001615.jpg,2.104028,0.987107
Places365_val_00019035.jpg,2.207366,0.990354
Places365_val_00016669.jpg,2.619805,0.990481
Places365_val_00005050.jpg,2.735581,0.988113
Places365_val_00016209.jpg,2.664012,0.992568
Places365_val_00011575.jpg,2.390728,0.975302
Places365_val_00031723.jpg,2.430917,0.989056
Places365_val_00028963.jpg,2.421217,0.981286
Places365_val_00004532.jpg,3.202759,0.995314
Places365_val_00008324.jpg,2.482999,0.992323
Places365_val_00016509.jpg,2.870158,0.998042
Places365_val_00025845.jpg,2.746780,0.992317
Places365_val_00014506.jpg,2.254463,0.995417
Places365_val_00004860.jpg,1.963185,0.946746
Places365_val_00030841.jpg,2.911646,0.992090
Places365_val_00016435.jpg,2.105351,0.966726
Places365_val_00030095.jpg,2.319181,0.993566
Places365_val_00018579.jpg,3.001633,0.967422
Places365_val_00014651.jpg,2.489178,0.993346
Places365_val_00026422.jpg,2.325308,0.993825
Places365_val_00003627.jpg,2.314472,0.974355
Places365_val_00000875.jpg,2.148501,0.987448
Places365_val_00010305.jpg,2.692604,0.982489
Places365_val_00001658.jpg,2.587355,0.988970
Places365_val_00024430.jpg,2.518810,0.987992
Places365_val_00004192.jpg,2.463062,0.975130
Places365_val_00025108.jpg,2.638323,0.990138
Places365_val_00016492.jpg,2.376227,0.988311
Places365_val_00001285.jpg,3.053835,0.992837
Places365_val_00024954.jpg,2.616280,0.998233
Places365_val_00030274.jpg,2.591586,0.991022
Places365_val_00020856.jpg,2.611980,0.989177
Places365_val_00032786.jpg,3.046449,0.988745
Places365_val_00006762.jpg,3.317186,0.994517
Places365_val_00024445.jpg,2.426855,0.994270
Places365_val_00008086.jpg,3.179960,0.991570
Places365_val_00016870.jpg,1.930216,0.985055
Places365_val_00002809.jpg,2.256252,0.963609
Places365_val_00010281.jpg,2.514862,0.989457
Places365_val_00012157.jpg,2.067007,0.945393
Places365_val_00008448.jpg,2.579569,0.992590
Places365_val_00017085.jpg,1.869811,0.974428
Places365_val_00008754.jpg,2.123413,0.992959
Places365_val_00034130.jpg,3.278026,0.996898
Places365_val_00012967.jpg,2.350718,0.973979
Places365_val_00005818.jpg,2.147757,0.996438
Places365_val_00020358.jpg,2.969924,0.997777
Places365_val_00002438.jpg,1.818913,0.993194
Places365_val_00001535.jpg,2.550167,0.991118
Places365_val_00030775.jpg,1.804524,0.972190
Places365_val_00016720.jpg,3.063012,0.981850
Places365_val_00015279.jpg,2.643426,0.948610
Places365_val_00004802.jpg,2.430792,0.993321
Places365_val_00001960.jpg,2.485802,0.994527
Places365_val_00032952.jpg,1.924238,0.982485
Places365_val_00013590.jpg,1.932411,0.989895
Places365_val_00013094.jpg,2.678016,0.996747
Places365_val_00033603.jpg,2.589327,0.995750
Places365_val_00032544.jpg,3.245884,0.985164
Places365_val_00024672.jpg,2.487180,0.994612
Places365_val_00033737.jpg,1.955274,0.896028
Places365_val_00010181.jpg,2.295957,0.985064
Places365_val_00017765.jpg,2.450127,0.987223
Places365_val_00025844.jpg,2.678004,0.986485
Places365_val_00017515.jpg,2.462788,0.995875
Places365_val_00007772.jpg,2.527496,0.991842
Places365_val_00025857.jpg,1.576512,0.986088
Places365_val_00020378.jpg,2.038610,0.991419
Places365_val_00010413.jpg,2.799606,0.992694
Places365_val_00018224.jpg,2.157688,0.982167
Places365_val_00016170.jpg,2.598673,0.997567
Places365_val_00020986.jpg,2.263000,0.972713
Places365_val_00006786.jpg,2.214180,0.993475
Places365_val_00007608.jpg,3.206746,0.963524
Places365_val_00007486.jpg,2.788529,0.997112
Places365_val_00034832.jpg,2.965644,0.996046
Places365_val_00014888.jpg,2.154666,0.992182
Places365_val_00031594.jpg,2.824769,0.994413
Places365_val_00000119.jpg,2.413107,0.992273
Places365_val_00004358.jpg,1.857714,0.994644
Places365_val_00030145.jpg,3.047523,0.989603
Places365_val_00012467.jpg,2.317022,0.985109
Places365_val_00003208.jpg,2.358076,0.991883
Places365_val_00019006.jpg,2.644622,0.990820
Places365_val_00015070.jpg,2.413258,0.995875
Places365_val_00018792.jpg,1.970563,0.863249
Places365_val_00019431.jpg,2.457966,0.993033
Places365_val_00000794.jpg,2.609372,0.994775
Places365_val_00033716.jpg,2.539752,0.993809
Places365_val_00021490.jpg,2.797600,0.991656
Places365_val_00001298.jpg,2.306186,0.983657
Places365_val_00031530.jpg,2.862642,0.992380
Places365_val_00027005.jpg,2.481109,0.988288
Places365_val_00013239.jpg,2.112859,0.990771
Places365_val_00027059.jpg,2.242318,0.993130
Places365_val_00033188.jpg,2.336651,0.982677
Places365_val_00023794.jpg,2.554553,0.991747
Places365_val_00036288.jpg,2.479985,0.984448
Places365_val_00019824.jpg,2.530702,0.989723
Places365_val_00035406.jpg,2.752817,0.976330
Places365_val_00020494.jpg,2.518064,0.995543
Places365_val_00013564.jpg,2.363514,0.974128
Places365_val_00033242.jpg,2.807780,0.981059
Places365_val_00004448.jpg,2.465435,0.982390
Places365_val_00019372.jpg,2.260298,0.991101
Places365_val_00013114.jpg,1.352993,0.618375
Places365_val_00012464.jpg,2.519672,0.997474
Places365_val_00007024.jpg,1.927186,0.978911
Places365_val_00010450.jpg,2.258978,0.993146
Places365_val_00031126.jpg,2.404116,0.984649
Places365_val_00024782.jpg,1.929307,0.983069
Places365_val_00009496.jpg,3.135922,0.891612
Places365_val_00020701.jpg,3.559569,0.997456
Places365_val_00004664.jpg,2.840190,0.998419
Places365_val_00011674.jpg,3.009936,0.982538
Places365_val_00009111.jpg,2.725599,0.995042
Places365_val_00015722.jpg,3.001959,0.989170
Places365_val_00029732.jpg,2.934382,0.996130
Places365_val_00020309.jpg,2.609986,0.993588
Places365_val_00019830.jpg,2.275395,0.992942
Places365_val_00025256.jpg,2.925179,0.995986
Places365_val_00022588.jpg,2.317043,0.990890
Places365_val_00014723.jpg,2.489272,0.975636
Places365_val_00013895.jpg,2.553691,0.994202
Places365_val_00001625.jpg,2.811850,0.986432
Places365_val_00016766.jpg,1.796170,0.990386
Places365_val_00017369.jpg,2.169630,0.990615
Places365_val_00019166.jpg,2.404442,0.986281
Places365_val_00024034.jpg,3.038292,0.986857
Places365_val_00035725.jpg,2.332611,0.990525
Places365_val_00033823.jpg,3.501455,0.991476
Places365_val_00013054.jpg,2.339351,0.994364
Places365_val_00029265.jpg,2.597423,0.995050
Places365_val_00011086.jpg,2.139073,0.986811
Places365_val_00013957.jpg,2.635135,0.985032
Places365_val_00020812.jpg,1.979699,0.991761
Places365_val_00009117.jpg,2.670337,0.987248
Places365_val_00031625.jpg,2.272460,0.995190
Places365_val_00025213.jpg,2.520214,0.976845
Places365_val_00022380.jpg,2.023895,0.967453
Places365_val_00031282.jpg,2.609140,0.992684
Places365_val_00003990.jpg,2.324715,0.993427
Places365_val_00023812.jpg,2.918634,0.970485
Places365_val_00032027.jpg,2.548797,0.977234
Places365_val_00001456.jpg,3.080835,0.990589
Places365_val_00026884.jpg,1.591172,0.959658
Places365_val_00022010.jpg,2.525596,0.988864
Places365_val_00005478.jpg,2.671587,0.995366
Places365_val_00024413.jpg,2.390018,0.995347
Places365_val_00034626.jpg,2.029275,0.956546
Places365_val_00002987.jpg,2.688912,0.997218
Places365_val_00022721.jpg,2.463688,0.975154
Places365_val_00007075.jpg,2.059567,0.995086
Places365_val_00016629.jpg,3.362373,0.975260
Places365_val_00028315.jpg,2.302933,0.946369
Places365_val_00012380.jpg,3.009015,0.994840
Places365_val_00022671.jpg,2.469519,0.990213
Places365_val_00024635.jpg,2.710422,0.992121
Places365_val_00014254.jpg,2.044376,0.993060
Places365_val_00026713.jpg,2.727122,0.983200
Places365_val_00021483.jpg,2.790558,0.995597
Places365_val_00005348.jpg,2.407185,0.968629
Places365_val_00002184.jpg,2.538673,0.993216
Places365_val_00020705.jpg,2.773562,0.993117
Places365_val_00012946.jpg,2.444783,0.950402
Places365_val_00026577.jpg,2.797940,0.972277
Places365_val_00019853.jpg,2.441646,0.992984
Places365_val_00024825.jpg,2.488985,0.991066
Places365_val_00004725.jpg,2.904945,0.994723
Places365_val_00035835.jpg,2.682986,0.991162
Places365_val_00011247.jpg,2.200717,0.978254
Places365_val_00006230.jpg,2.978007,0.989168
Places365_val_00003606.jpg,3.149288,0.995821
Places365_val_00006592.jpg,2.272589,0.977734
Places365_val_00006090.jpg,2.512401,0.994873
Places365_val_00023765.jpg,2.163877,0.979940
Places365_val_00012465.jpg,2.218992,0.975529
Places365_val_00019266.jpg,2.586081,0.970279
Places365_val_00010256.jpg,3.451018,0.990956
Places365_val_00025101.jpg,2.554759,0.972908
Places365_val_00033044.jpg,2.588187,0.990287
Places365_val_00028217.jpg,2.462557,0.987180
Places365_val_00019503.jpg,2.516647,0.987802
Places365_val_00029074.jpg,2.813749,0.980550
Places365_val_00011878.jpg,2.551056,0.994023
Places365_val_00001094.jpg,2.364920,0.995985
Places365_val_00002514.jpg,2.341255,0.994336
Places365_val_00022800.jpg,2.938323,0.991957
Places365_val_00016438.jpg,2.765820,0.975350
Places365_val_00007060.jpg,2.778336,0.993245
Places365_val_00020906.jpg,2.382884,0.983115
Places365_val_00027937.jpg,2.646795,0.994647
Places365_val_00017958.jpg,2.627699,0.976873
Places365_val_00027381.jpg,2.433276,0.992208
Places365_val_00005736.jpg,2.023874,0.989706
Places365_val_00034820.jpg,2.148271,0.987714
Places365_val_00015052.jpg,2.560401,0.993502
Places365_val_00021011.jpg,2.317811,0.985854
Places365_val_00022467.jpg,2.599354,0.994155
Places365_val_00014129.jpg,1.644259,0.929025
Places365_val_00017947.jpg,3.070905,0.996524
Places365_val_00013530.jpg,2.769706,0.989253
Places365_val_00000995.jpg,1.896671,0.986533
Places365_val_00013158.jpg,2.617787,0.989049
Places365_val_00023709.jpg,2.323014,0.995916
Places365_val_00030179.jpg,1.681737,0.884833
Places365_val_00035073.jpg,3.062049,0.988345
Places365_val_00013042.jpg,2.372182,0.995126
Places365_val_00030397.jpg,2.131156,0.896298
Places365_val_00032826.jpg,2.692587,0.963541
Places365_val_00015250.jpg,3.022895,0.990167
Places365_val_00009990.jpg,2.377571,0.990674
Places365_val_00017385.jpg,2.790831,0.990664
Places365_val_00029513.jpg,2.331002,0.992072
Places365_val_00001690.jpg,2.395904,0.991977
Places365_val_00029669.jpg,2.602943,0.990690
Places365_val_00030670.jpg,2.541718,0.991155
Places365_val_00003288.jpg,2.597240,0.985888
Places365_val_00032894.jpg,2.928982,0.985488
Places365_val_00034307.jpg,2.847127,0.959998
Places365_val_00011036.jpg,2.370560,0.980116
Places365_val_00002682.jpg,2.224684,0.789455
Places365_val_00004262.jpg,2.723816,0.960704
Places365_val_00027828.jpg,3.259441,0.996104
Places365_val_00023683.jpg,3.090699,0.961079
Places365_val_00003454.jpg,2.205653,0.988366
Places365_val_00002509.jpg,2.697140,0.995847
Places365_val_00008367.jpg,2.318768,0.983142
Places365_val_00025791.jpg,2.118855,0.987657
Places365_val_00027120.jpg,2.032679,0.975649
Places365_val_00027873.jpg,2.780570,0.985307
Places365_val_00028582.jpg,1.726259,0.980098
Places365_val_00028172.jpg,2.596593,0.984597
Places365_val_00013314.jpg,2.198519,0.986820
Places365_val_00001869.jpg,2.225876,0.993276
Places365_val_00024658.jpg,2.340394,0.977507
Places365_val_00032670.jpg,2.461369,0.992801
Places365_val_00015973.jpg,2.476795,0.978358
Places365_val_00034343.jpg,2.923307,0.993432
Places365_val_00003325.jpg,3.003127,0.979253
Places365_val_00010731.jpg,2.247044,0.989596
Places365_val_00034575.jpg,2.832184,0.970832
Places365_val_00002596.jpg,2.399634,0.993171
Places365_val_00014693.jpg,2.906798,0.996687
Places365_val_00008896.jpg,1.923191,0.984471
Places365_val_00018027.jpg,2.552756,0.995007
Places365_val_00002421.jpg,2.583707,0.943337
Places365_val_00015160.jpg,2.583477,0.960828
Places365_val_00015019.jpg,2.779235,0.995201
Places365_val_00010502.jpg,2.793294,0.998613
Places365_val_00021560.jpg,2.748089,0.994491
Places365_val_00012269.jpg,2.651395,0.998282
Places365_val_00000181.jpg,2.205488,0.957405
Places365_val_00008122.jpg,2.324175,0.989494
Places365_val_00030327.jpg,1.495225,0.833232
Places365_val_00025919.jpg,2.511852,0.992924
Places365_val_00017045.jpg,2.284367,0.991101
Places365_val_00004249.jpg,2.384144,0.993618
Places365_val_00033298.jpg,2.237266,0.967460
Places365_val_00035016.jpg,2.907847,0.992227
Places365_val_00029374.jpg,1.873845,0.946250
Places365_val_00035431.jpg,2.953366,0.998277
Places365_val_00005022.jpg,2.014651,0.991808
Places365_val_00017997.jpg,2.657345,0.986590
Places365_val_00032267.jpg,2.511475,0.986969
Places365_val_00029919.jpg,2.624989,0.993176
Places365_val_00020311.jpg,2.969057,0.988755
Places365_val_00032961.jpg,2.650300,0.992888
Places365_val_00001518.jpg,2.516749,0.976866
Places365_val_00034619.jpg,3.140111,0.977056
Places365_val_00023713.jpg,2.612240,0.991870
Places365_val_00026258.jpg,2.476828,0.976657
Places365_val_00003567.jpg,2.354064,0.988962
Places365_val_00022328.jpg,2.087319,0.960066
Places365_val_00036399.jpg,2.340699,0.993638
Places365_val_00017119.jpg,2.819015,0.981351
Places365_val_00008683.jpg,2.046525,0.967165
Places365_val_00005199.jpg,2.749941,0.994757
Places365_val_00012361.jpg,2.257806,0.990987
Places365_val_00013055.jpg,2.165777,0.991592
Places365_val_00005422.jpg,2.767279,0.982416
Places365_val_00005291.jpg,2.284577,0.992896
Places365_val_00013249.jpg,2.107539,0.984800
Places365_val_00000251.jpg,1.990147,0.983951
Places365_val_00029354.jpg,2.709347,0.989276
Places365_val_00032076.jpg,1.659786,0.993086
Places365_val_00019337.jpg,2.485765,0.965948
Places365_val_00009556.jpg,2.437663,0.996346
Places365_val_00000066.jpg,2.967847,0.998383
Places365_val_00030006.jpg,2.690844,0.988077
Places365_val_00028992.jpg,2.471577,0.996608
Places365_val_00015520.jpg,3.310572,0.983814
Places365_val_00008216.jpg,3.099423,0.996895
Places365_val_00016206.jpg,2.673136,0.986456
Places365_val_00018578.jpg,1.867071,0.968701
Places365_val_00017367.jpg,2.043446,0.992448
Places365_val_00009469.jpg,2.792915,0.984857
Places365_val_00017988.jpg,2.870559,0.996023
Places365_val_00011724.jpg,2.329283,0.994545
Places365_val_00014163.jpg,1.906840,0.984018
Places365_val_00011184.jpg,2.609756,0.996098
Places365_val_00007564.jpg,2.842875,0.988757
Places365_val_00008498.jpg,2.503346,0.992559
Places365_val_00006708.jpg,2.256572,0.929521
Places365_val_00035160.jpg,2.737286,0.997318
Places365_val_00031761.jpg,2.781096,0.992785
Places365_val_00015822.jpg,2.156246,0.985986
Places365_val_00019327.jpg,2.808904,0.993983
Places365_val_00002965.jpg,2.224530,0.986914
Places365_val_00007549.jpg,2.121597,0.989927
Places365_val_00014465.jpg,2.418511,0.991105
Places365_val_00025538.jpg,2.490876,0.996504
Places365_val_00000351.jpg,2.203123,0.995200
Places365_val_00002776.jpg,1.996889,0.951827
Places365_val_00029498.jpg,2.802260,0.989496
Places365_val_00028156.jpg,2.214682,0.977548
Places365_val_00036490.jpg,2.492783,0.995499
Places365_val_00030316.jpg,2.373728,0.981597
Places365_val_00001256.jpg,2.330880,0.983925
Places365_val_00035509.jpg,2.281007,0.992629
Places365_val_00031381.jpg,2.593728,0.983352
Places365_val_00020057.jpg,2.083070,0.974060
Places365_val_00023269.jpg,2.545335,0.991419
Places365_val_00013295.jpg,2.463432,0.992801
Places365_val_00025629.jpg,2.824754,0.997819
Places365_val_00007578.jpg,2.410341,0.997114
Places365_val_00025402.jpg,2.445223,0.991063
Places365_val_00013769.jpg,1.674205,0.986111
Places365_val_00024652.jpg,2.415166,0.980582
Places365_val_00014076.jpg,2.525644,0.989203
Places365_val_00029421.jpg,2.562890,0.992907
Places365_val_00003338.jpg,2.293069,0.978246
Places365_val_00018002.jpg,3.063903,0.962725
Places365_val_00017244.jpg,2.892132,0.971688
Places365_val_00030174.jpg,2.550168,0.979090
Places365_val_00024128.jpg,3.216708,0.988995
Places365_val_00026974.jpg,2.119733,0.975106
Places365_val_00006201.jpg,2.723832,0.996872
Places365_val_00025756.jpg,2.899401,0.995351
Places365_val_00014604.jpg,2.360968,0.996045
Places365_val_00014623.jpg,2.968052,0.995667
Places365_val_00029297.jpg,2.633539,0.969669
Places365_val_00009639.jpg,2.370101,0.992531
Places365_val_00011090.jpg,2.203497,0.992359
Places365_val_00003845.jpg,1.639942,0.935298
Places365_val_00025276.jpg,2.132744,0.986683
Places365_val_00023151.jpg,2.734492,0.994224
Places365_val_00018438.jpg,2.472196,0.988879
Places365_val_00016267.jpg,2.095100,0.988636
Places365_val_00034442.jpg,2.140298,0.956540
Places365_val_00005925.jpg,2.669907,0.992592
Places365_val_00020573.jpg,2.628427,0.997027
Places365_val_00036244.jpg,2.482460,0.991966
Places365_val_00004590.jpg,2.407570,0.987697
Places365_val_00017933.jpg,2.086108,0.982238
Places365_val_00011740.jpg,2.886995,0.992804
Places365_val_00002842.jpg,2.202193,0.993549
Places365_val_00015489.jpg,2.233689,0.920104
Places365_val_00032863.jpg,2.080218,0.965888
Places365_val_00026584.jpg,2.359278,0.994554
Places365_val_00006783.jpg,1.930481,0.983426
Places365_val_00017519.jpg,2.976055,0.996099
Places365_val_00032634.jpg,1.889422,0.979693
Places365_val_00011464.jpg,2.432556,0.993291
Places365_val_00027814.jpg,2.432329,0.986813
Places365_val_00017840.jpg,2.621011,0.987748
Places365_val_00035587.jpg,2.337172,0.995170
Places365_val_00005452.jpg,2.448355,0.985950
Places365_val_00035496.jpg,2.711411,0.988150
Places365_val_00008099.jpg,2.604304,0.996945
Places365_val_00025119.jpg,2.938112,0.989973
Places365_val_00013091.jpg,2.706850,0.996262
Places365_val_00015750.jpg,2.375813,0.990853
Places365_val_00006758.jpg,2.797245,0.979039
Places365_val_00016050.jpg,2.321204,0.986439
Places365_val_00030791.jpg,1.857642,0.991284
Places365_val_00007974.jpg,3.048772,0.988588
Places365_val_00025065.jpg,2.464687,0.986777
Places365_val_00021436.jpg,2.154111,0.985081
Places365_val_00011701.jpg,1.919309,0.981972
Places365_val_00030170.jpg,2.775358,0.977404
Places365_val_00011198.jpg,2.954559,0.994794
Places365_val_00032516.jpg,2.556717,0.975355
Places365_val_00020896.jpg,2.387532,0.983046
Places365_val_00009763.jpg,2.862733,0.989889
Places365_val_00029602.jpg,2.453503,0.995577
Places365_val_00002073.jpg,2.306702,0.985685
Places365_val_00032188.jpg,2.773310,0.995074
Places365_val_00028251.jpg,3.042993,0.988847
Places365_val_00023851.jpg,2.249587,0.984647
Places365_val_00033583.jpg,2.521544,0.952258
Places365_val_00007558.jpg,3.379846,0.996046
Places365_val_00027188.jpg,2.741014,0.993099
Places365_val_00028383.jpg,2.870240,0.995454
Places365_val_00019857.jpg,2.742111,0.996834
Places365_val_00003839.jpg,2.353836,0.985325
Places365_val_00035983.jpg,2.537930,0.997220
Places365_val_00006707.jpg,2.488488,0.955145
Places365_val_00005768.jpg,2.697785,0.991389
Places365_val_00002964.jpg,2.207882,0.970164
Places365_val_00023460.jpg,2.582182,0.994115
Places365_val_00022922.jpg,2.951973,0.995467
Places365_val_00002319.jpg,2.054995,0.989923
Places365_val_00020040.jpg,2.158997,0.986638
Places365_val_00030974.jpg,2.373632,0.988917
Places365_val_00015186.jpg,2.665816,0.988136
Places365_val_00015571.jpg,2.257136,0.995314
Places365_val_00032232.jpg,2.407409,0.995670
Places365_val_00023075.jpg,2.402782,0.987526
Places365_val_00025069.jpg,2.991500,0.997945
Places365_val_00027643.jpg,1.706566,0.986642
Places365_val_00018849.jpg,2.698788,0.991574
Places365_val_00003211.jpg,3.021190,0.992431
Places365_val_00018243.jpg,1.892850,0.734382
Places365_val_00008921.jpg,2.466683,0.987820
Places365_val_00012223.jpg,2.647145,0.986969
Places365_val_00023964.jpg,2.152290,0.943102
Places365_val_00028673.jpg,2.349673,0.977975
Places365_val_00022246.jpg,2.368354,0.992911
Places365_val_00004964.jpg,2.343760,0.994600
Places365_val_00000226.jpg,2.972646,0.996001
Places365_val_00010506.jpg,1.520300,0.775106
Places365_val_00006863.jpg,3.125417,0.998626
Places365_val_00029116.jpg,2.448060,0.941136
Places365_val_00002135.jpg,2.220440,0.967887
Places365_val_00023143.jpg,2.659192,0.993913
Places365_val_00019030.jpg,2.291560,0.987267
Places365_val_00035105.jpg,2.973212,0.990453
Places365_val_00035930.jpg,3.050445,0.987052
Places365_val_00014189.jpg,2.437392,0.983462
Places365_val_00005086.jpg,2.393121,0.986933
Places365_val_00013640.jpg,2.305949,0.995914
Places365_val_00002570.jpg,2.022299,0.981251
Places365_val_00003771.jpg,2.834908,0.976636
Places365_val_00017837.jpg,1.889814,0.990387
Places365_val_00035574.jpg,2.604568,0.989584
Places365_val_00029341.jpg,2.417649,0.997565
Places365_val_00024983.jpg,2.539920,0.993717
Places365_val_00002136.jpg,1.687472,0.969555
Places365_val_00027647.jpg,2.544987,0.981562
Places365_val_00030035.jpg,2.891620,0.958944
Places365_val_00017001.jpg,1.952485,0.979621
Places365_val_00016380.jpg,2.870070,0.980874
Places365_val_00030988.jpg,2.357894,0.973810
Places365_val_00003151.jpg,2.710417,0.987403
Places365_val_00027303.jpg,2.494118,0.989445
Places365_val_00036130.jpg,2.797860,0.998328
Places365_val_00001546.jpg,2.615912,0.994551
Places365_val_00017009.jpg,2.103337,0.976850
Places365_val_00032550.jpg,2.712297,0.995937
Places365_val_00021730.jpg,2.428454,0.992423
Places365_val_00019259.jpg,2.555531,0.973252
Places365_val_00029040.jpg,2.192214,0.975332
Places365_val_00033518.jpg,2.074976,0.957993
Places365_val_00012759.jpg,2.396430,0.993001
Places365_val_00030472.jpg,2.548466,0.989059
Places365_val_00019796.jpg,2.203259,0.992773
Places365_val_00018948.jpg,2.187309,0.937475
Places365_val_00005846.jpg,2.742409,0.997387
Places365_val_00023382.jpg,2.098205,0.993258
Places365_val_00005956.jpg,3.016514,0.989558
Places365_val_00036150.jpg,2.344541,0.982301
Places365_val_00034714.jpg,1.598393,0.948649
Places365_val_00034868.jpg,1.753831,0.939459
Places365_val_00032446.jpg,2.780259,0.993113
Places365_val_00029316.jpg,2.093025,0.991835
Places365_val_00007538.jpg,2.093282,0.994403
Places365_val_00029764.jpg,2.731796,0.960415
Places365_val_00022695.jpg,2.507164,0.960757
Places365_val_00024925.jpg,2.747418,0.989550
Places365_val_00034994.jpg,2.261619,0.970717
Places365_val_00024671.jpg,2.673792,0.981734
Places365_val_00030842.jpg,2.278741,0.988791
Places365_val_00023149.jpg,1.917587,0.985624
Places365_val_00014251.jpg,2.004499,0.977075
Places365_val_00005021.jpg,2.341694,0.985617
Places365_val_00007798.jpg,2.888702,0.945255
Places365_val_00004705.jpg,1.915211,0.971735
Places365_val_00015905.jpg,2.422430,0.980797
Places365_val_00034074.jpg,2.561707,0.995353
Places365_val_00000842.jpg,2.848358,0.992638
Places365_val_00023891.jpg,2.394704,0.972571
Places365_val_00026667.jpg,2.942541,0.989041
Places365_val_00025212.jpg,1.948136,0.990033
Places365_val_00017296.jpg,2.405967,0.992367
Places365_val_00031680.jpg,2.449470,0.993791
Places365_val_00024289.jpg,2.622798,0.993788
Places365_val_00015661.jpg,2.098732,0.952724
Places365_val_00000299.jpg,2.587001,0.996529
Places365_val_00021716.jpg,2.592500,0.994176
Places365_val_00010786.jpg,2.677373,0.993700
Places365_val_00002026.jpg,1.835571,0.958241
Places365_val_00006813.jpg,2.597038,0.972253
Places365_val_00001666.jpg,2.562455,0.981224
Places365_val_00020995.jpg,2.215027,0.984369
Places365_val_00013236.jpg,2.478327,0.996119
Places365_val_00028256.jpg,2.833045,0.985424
Places365_val_00003349.jpg,2.270706,0.988307
Places365_val_00004868.jpg,2.311668,0.996253
Places365_val_00000338.jpg,2.683813,0.992903
Places365_val_00034302.jpg,2.155271,0.992846
Places365_val_00004985.jpg,2.459801,0.992389
Places365_val_00024981.jpg,2.297850,0.992105
Places365_val_00008342.jpg,2.440290,0.962233
Places365_val_00024817.jpg,1.748531,0.918230
Places365_val_00011344.jpg,1.875237,0.974723
Places365_val_00028732.jpg,2.299500,0.987608
Places365_val_00006617.jpg,2.780482,0.986987
Places365_val_00028587.jpg,2.312860,0.985707
Places365_val_00018603.jpg,2.583926,0.991679
Places365_val_00005902.jpg,2.315727,0.991948
Places365_val_00013333.jpg,2.684551,0.996468
Places365_val_00028427.jpg,2.658876,0.996302
Places365_val_00027418.jpg,2.048736,0.992040
Places365_val_00026186.jpg,2.685036,0.988848
Places365_val_00019614.jpg,2.541210,0.994731
Places365_val_00007356.jpg,2.261308,0.982490
Places365_val_00014282.jpg,2.234477,0.988043
Places365_val_00002399.jpg,2.293642,0.986342
Places365_val_00008604.jpg,2.887340,0.979137
Places365_val_00034328.jpg,2.457870,0.993080
Places365_val_00026891.jpg,2.818996,0.941122
Places365_val_00004926.jpg,2.242307,0.954104
Places365_val_00005236.jpg,2.185940,0.962042
Places365_val_00024485.jpg,1.928843,0.989695
Places365_val_00000650.jpg,2.118008,0.986066
Places365_val_00014040.jpg,2.366225,0.987866
Places365_val_00009160.jpg,2.695887,0.961471
Places365_val_00001360.jpg,1.822059,0.987660
Places365_val_00017725.jpg,2.566370,0.969826
Places365_val_00013204.jpg,2.918287,0.994819
Places365_val_00017115.jpg,2.331943,0.947559
Places365_val_00000632.jpg,2.630698,0.996498
Places365_val_00035990.jpg,3.020329,0.985728
Places365_val_00023858.jpg,2.376993,0.971938
Places365_val_00016093.jpg,2.608763,0.990863
Places365_val_00018719.jpg,2.618336,0.989045
Places365_val_00012580.jpg,2.229081,0.984344
Places365_val_00003662.jpg,2.480043,0.987965
Places365_val_00034233.jpg,2.352867,0.994002
Places365_val_00009066.jpg,2.659974,0.993237
Places365_val_00022177.jpg,3.133704,0.990653
Places365_val_00023592.jpg,2.384672,0.987609
Places365_val_00022716.jpg,2.655977,0.988511
Places365_val_00016841.jpg,2.528571,0.990035
Places365_val_00028888.jpg,2.220962,0.987724
Places365_val_00027221.jpg,2.807188,0.993575
Places365_val_00019318.jpg,2.184225,0.974594
Places365_val_00000705.jpg,2.353188,0.956795
Places365_val_00012151.jpg,2.593270,0.990169
Places365_val_00010745.jpg,2.710018,0.994421
Places365_val_00009585.jpg,2.241896,0.989642
Places365_val_00024260.jpg,2.578669,0.979141
Places365_val_00025052.jpg,2.772721,0.997636
Places365_val_00016192.jpg,2.057147,0.983960
Places365_val_00024603.jpg,2.698494,0.995453
Places365_val_00020612.jpg,2.065464,0.988464
Places365_val_00026674.jpg,2.003081,0.943971
Places365_val_00015826.jpg,2.716007,0.985705
Places365_val_00011462.jpg,2.441404,0.995489
Places365_val_00034540.jpg,2.661626,0.956444
Places365_val_00031789.jpg,3.134203,0.992627
Places365_val_00025031.jpg,2.742148,0.979237
Places365_val_00008130.jpg,2.685704,0.991904
Places365_val_00000741.jpg,2.565091,0.990158
Places365_val_00010482.jpg,2.639258,0.977606
Places365_val_00002122.jpg,2.285754,0.990318
Places365_val_00029502.jpg,2.080740,0.991988
Places365_val_00021242.jpg,1.369193,0.933014
Places365_val_00002899.jpg,2.192993,0.989481
Places365_val_00008339.jpg,2.535928,0.992617
Places365_val_00003137.jpg,2.493210,0.992956
Places365_val_00008581.jpg,2.937413,0.990905
Places365_val_00001562.jpg,2.400311,0.994318
Places365_val_00003113.jpg,2.839400,0.985588
Places365_val_00017923.jpg,2.545142,0.990415
Places365_val_00026254.jpg,2.402031,0.989838
Places365_val_00031172.jpg,2.939600,0.995576
Places365_val_00013516.jpg,2.602169,0.952164
Places365_val_00003979.jpg,1.898261,0.994171
Places365_val_00017626.jpg,2.088082,0.961947
Places365_val_00035133.jpg,2.957261,0.993699
Places365_val_00001166.jpg,1.865619,0.965735
Places365_val_00010678.jpg,2.279978,0.990792
Places365_val_00018975.jpg,2.556541,0.969459
Places365_val_00013046.jpg,2.244668,0.981585
Places365_val_00034401.jpg,2.286185,0.992391
Places365_val_00034287.jpg,2.459751,0.981388
Places365_val_00014730.jpg,2.523993,0.983683
Places365_val_00008998.jpg,3.700748,0.994292
Places365_val_00019428.jpg,2.670059,0.986144
Places365_val_00028204.jpg,2.526310,0.994399
Places365_val_00014140.jpg,2.841654,0.969439
Places365_val_00011901.jpg,2.625265,0.968518
Places365_val_00003239.jpg,2.388605,0.990972
Places365_val_00022033.jpg,2.021774,0.985647
Places365_val_00015374.jpg,2.539162,0.989517
Places365_val_00011065.jpg,2.306372,0.993571
Places365_val_00021385.jpg,2.618834,0.994955
Places365_val_00031399.jpg,2.011134,0.970528
Places365_val_00011961.jpg,2.223612,0.991351
Places365_val_00023039.jpg,2.460365,0.995604
Places365_val_00023284.jpg,2.677587,0.988469
Places365_val_00031025.jpg,2.365340,0.979110
Places365_val_00022415.jpg,2.037308,0.973059
Places365_val_00003808.jpg,2.749930,0.997992
Places365_val_00007327.jpg,2.905522,0.995589
Places365_val_00000248.jpg,2.599756,0.985008
Places365_val_00021700.jpg,2.089567,0.987255
Places365_val_00010048.jpg,2.231942,0.996239
Places365_val_00034831.jpg,2.696752,0.994527
Places365_val_00007216.jpg,2.746467,0.994097
Places365_val_00004052.jpg,2.146666,0.995057
Places365_val_00025978.jpg,2.534604,0.976869
Places365_val_00015772.jpg,2.113187,0.993822
Places365_val_00024213.jpg,2.114443,0.988866
Places365_val_00022090.jpg,2.862475,0.987351
Places365_val_00020583.jpg,2.720198,0.996269
Places365_val_00007832.jpg,2.154941,0.992511
Places365_val_00000936.jpg,2.269466,0.987909
Places365_val_00035128.jpg,3.283038,0.959202
Places365_val_00019839.jpg,2.103862,0.989432
Places365_val_00026375.jpg,2.563424,0.992995
Places365_val_00035521.jpg,2.524943,0.990308
Places365_val_00019845.jpg,1.741200,0.980241
Places365_val_00001685.jpg,2.417339,0.981370
Places365_val_00027528.jpg,2.585821,0.979511
Places365_val_00010096.jpg,2.521228,0.989880
Places365_val_00025607.jpg,2.407708,0.997120
Places365_val_00002980.jpg,2.195279,0.988552
Places365_val_00031781.jpg,1.781712,0.991187
Places365_val_00026533.jpg,2.561752,0.977813
Places365_val_00030626.jpg,2.850174,0.992647
Places365_val_00005113.jpg,2.900520,0.995629
Places365_val_00017894.jpg,2.021024,0.980209
Places365_val_00024903.jpg,2.848319,0.997336
Places365_val_00012353.jpg,2.422280,0.995415
Places365_val_00032903.jpg,2.072487,0.989839
Places365_val_00031670.jpg,2.927583,0.981750
Places365_val_00001783.jpg,0.825100,0.817833
Places365_val_00018709.jpg,2.397379,0.970835
Places365_val_00031320.jpg,2.230755,0.992088
Places365_val_00034101.jpg,2.677831,0.998827
Places365_val_00017650.jpg,2.213297,0.986258
Places365_val_00016320.jpg,2.395415,0.806902
Places365_val_00020908.jpg,2.201127,0.992970
Places365_val_00008341.jpg,2.507054,0.989967
Places365_val_00033965.jpg,2.705854,0.994067
Places365_val_00008710.jpg,2.274886,0.994162
Places365_val_00016950.jpg,3.574395,0.942009
Places365_val_00010431.jpg,2.470084,0.980899
Places365_val_00033835.jpg,1.969436,0.979024
Places365_val_00023088.jpg,2.266392,0.977329
Places365_val_00008051.jpg,3.005442,0.996206
Places365_val_00004059.jpg,2.164105,0.944788
Places365_val_00010848.jpg,2.691243,0.991613
Places365_val_00029574.jpg,2.347140,0.974954
Places365_val_00007170.jpg,2.006156,0.974462
Places365_val_00000341.jpg,2.674445,0.992104
Places365_val_00016549.jpg,2.708077,0.991782
Places365_val_00017516.jpg,1.659909,0.916148
Places365_val_00030504.jpg,3.084943,0.995586
Places365_val_00032412.jpg,2.395605,0.978809
Places365_val_00007905.jpg,2.923681,0.989475
Places365_val_00030198.jpg,2.186418,0.983312
Places365_val_00027434.jpg,2.387406,0.977360
Places365_val_00027634.jpg,2.845579,0.961797
Places365_val_00020291.jpg,2.334818,0.996627
Places365_val_00018897.jpg,2.822906,0.992284
Places365_val_00015128.jpg,1.905307,0.967139
Places365_val_00034804.jpg,2.268831,0.992544
Places365_val_00025855.jpg,2.534834,0.992588
Places365_val_00035911.jpg,3.179148,0.993130
Places365_val_00025179.jpg,2.952519,0.993632
Places365_val_00001132.jpg,3.224344,0.995384
Places365_val_00009747.jpg,2.498213,0.982503
Places365_val_00030248.jpg,2.949123,0.989231
Places365_val_00008633.jpg,2.640603,0.997748
Places365_val_00004472.jpg,2.708625,0.991142
Places365_val_00022943.jpg,1.712513,0.986210
Places365_val_00029194.jpg,2.982976,0.995871
Places365_val_00014734.jpg,2.462129,0.995483
Places365_val_00016271.jpg,2.653829,0.984465
Places365_val_00021349.jpg,2.795943,0.996665
Places365_val_00020574.jpg,2.348488,0.978643
Places365_val_00002467.jpg,2.785795,0.996842
Places365_val_00009288.jpg,1.988205,0.898633
Places365_val_00007659.jpg,2.631287,0.986217
Places365_val_00005390.jpg,2.143898,0.979962
Places365_val_00009289.jpg,2.200526,0.915424
Places365_val_00017787.jpg,2.746148,0.988934
Places365_val_00016477.jpg,2.248602,0.988622
Places365_val_00001328.jpg,2.925389,0.989273
Places365_val_00026096.jpg,2.465833,0.984360
Places365_val_00032740.jpg,3.230521,0.993084
Places365_val_00015129.jpg,2.868717,0.985180
Places365_val_00012534.jpg,2.296346,0.985548
Places365_val_00009384.jpg,1.707595,0.986654
Places365_val_00006738.jpg,2.694167,0.994966
Places365_val_00003051.jpg,2.605443,0.996780
Places365_val_00001640.jpg,2.642251,0.993530
Places365_val_00022001.jpg,2.426866,0.993575
Places365_val_00034500.jpg,2.225043,0.995204
Places365_val_00025019.jpg,2.401580,0.957404
Places365_val_00028074.jpg,2.513696,0.990000
Places365_val_00033507.jpg,2.295529,0.972811
Places365_val_00025279.jpg,2.309880,0.984239
Places365_val_00030076.jpg,3.181081,0.995371
Places365_val_00015733.jpg,2.948591,0.995397
Places365_val_00024602.jpg,1.769764,0.995216
Places365_val_00007187.jpg,2.685186,0.994914
Places365_val_00008103.jpg,1.773659,0.994444
Places365_val_00033013.jpg,2.186699,0.966027
Places365_val_00002335.jpg,1.964045,0.989851
Places365_val_00024147.jpg,2.436130,0.993115
Places365_val_00016224.jpg,1.748778,0.915182
Places365_val_00017680.jpg,2.514588,0.993581
Places365_val_00034599.jpg,2.342317,0.947138
Places365_val_00024216.jpg,2.855666,0.989962
Places365_val_00030259.jpg,2.441119,0.993144
Places365_val_00005243.jpg,3.020515,0.990269
Places365_val_00033375.jpg,3.454616,0.980526
Places365_val_00007500.jpg,1.961767,0.938218
Places365_val_00028579.jpg,2.671192,0.992892
Places365_val_00005649.jpg,1.988539,0.979566
Places365_val_00008288.jpg,2.612970,0.991008
Places365_val_00033548.jpg,2.195789,0.967261
Places365_val_00026508.jpg,2.142525,0.994864
Places365_val_00018473.jpg,2.184069,0.984446
Places365_val_00029268.jpg,2.516637,0.989825
Places365_val_00028336.jpg,1.883216,0.942435
Places365_val_00001495.jpg,2.555392,0.992721
Places365_val_00012119.jpg,2.304700,0.984478
Places365_val_00018179.jpg,2.622317,0.993340
Places365_val_00011493.jpg,2.330788,0.989136
Places365_val_00000909.jpg,2.862360,0.995460
Places365_val_00020365.jpg,2.686193,0.986332
Places365_val_00010003.jpg,3.350183,0.993370
Places365_val_00027907.jpg,2.193005,0.995102
Places365_val_00016768.jpg,2.421770,0.979439
Places365_val_00018946.jpg,2.849008,0.996571
Places365_val_00031306.jpg,2.076930,0.978605
Places365_val_00030475.jpg,2.810103,0.995096
Places365_val_00005381.jpg,2.625071,0.953038
Places365_val_00019711.jpg,2.747590,0.995184
Places365_val_00019028.jpg,2.986569,0.992454
Places365_val_00010510.jpg,2.857521,0.987202
Places365_val_00018650.jpg,2.835699,0.993726
Places365_val_00032575.jpg,2.692853,0.995943
Places365_val_00024183.jpg,1.976436,0.992699
Places365_val_00032751.jpg,3.776465,0.963323
Places365_val_00018456.jpg,2.888364,0.994948
Places365_val_00027578.jpg,2.748039,0.992111
Places365_val_00010976.jpg,2.700229,0.993463
Places365_val_00012175.jpg,2.291410,0.983961
Places365_val_00008238.jpg,2.442559,0.992065
Places365_val_00006639.jpg,2.672904,0.977612
Places365_val_00024742.jpg,2.702281,0.991340
Places365_val_00030741.jpg,2.007286,0.991310
Places365_val_00020791.jpg,1.884812,0.991623
Places365_val_00002403.jpg,2.373545,0.987478
Places365_val_00033697.jpg,3.074808,0.994841
Places365_val_00010044.jpg,2.797954,0.996345
Places365_val_00026090.jpg,2.204420,0.944493
Places365_val_00016105.jpg,2.269411,0.981061
Places365_val_00036139.jpg,2.312127,0.909092
Places365_val_00027929.jpg,2.190499,0.995033
Places365_val_00033350.jpg,2.643868,0.965906
Places365_val_00002062.jpg,2.832334,0.994831
Places365_val_00035778.jpg,3.411478,0.991631
Places365_val_00010549.jpg,2.414438,0.986289
Places365_val_00013410.jpg,2.797204,0.994382
Places365_val_00014109.jpg,2.478158,0.989326
Places365_val_00015339.jpg,3.773924,0.983642
Places365_val_00008340.jpg,2.611975,0.986984
Places365_val_00016338.jpg,3.300546,0.995654
Places365_val_00026995.jpg,2.742457,0.991654
Places365_val_00011182.jpg,2.469208,0.983990
Places365_val_00002381.jpg,3.503009,0.985963
Places365_val_00030239.jpg,2.284788,0.985379
Places365_val_00012778.jpg,2.216825,0.995401
Places365_val_00009404.jpg,2.337438,0.994735
Places365_val_00026859.jpg,2.613949,0.989365
Places365_val_00025308.jpg,3.610390,0.994969
Places365_val_00015010.jpg,2.229754,0.954063
Places365_val_00005196.jpg,2.482983,0.991990
Places365_val_00035200.jpg,1.891701,0.949803
Places365_val_00015091.jpg,2.388518,0.994343
Places365_val_00015103.jpg,2.715368,0.982557
Places365_val_00036378.jpg,2.306826,0.960054
Places365_val_00032525.jpg,2.983203,0.984072
Places365_val_00006127.jpg,2.715393,0.996511
Places365_val_00036163.jpg,2.552261,0.994574
Places365_val_00034398.jpg,2.520452,0.992614
Places365_val_00018297.jpg,2.608469,0.980587
Places365_val_00033902.jpg,1.960549,0.968277
Places365_val_00017865.jpg,2.502597,0.995000
Places365_val_00021316.jpg,2.477743,0.991554
Places365_val_00004638.jpg,1.913041,0.990743
Places365_val_00035544.jpg,2.553088,0.989101
Places365_val_00009126.jpg,2.420738,0.947375
Places365_val_00020408.jpg,2.598899,0.989708
Places365_val_00012560.jpg,2.828426,0.996513
Places365_val_00017349.jpg,3.062378,0.996413
Places365_val_00008611.jpg,2.517820,0.990144
Places365_val_00032804.jpg,1.217859,0.901707
Places365_val_00002252.jpg,3.172946,0.996925
Places365_val_00022731.jpg,2.805172,0.994019
Places365_val_00011557.jpg,3.132143,0.991343
Places365_val_00004896.jpg,2.508425,0.994845
Places365_val_00010231.jpg,2.186559,0.982946
Places365_val_00003740.jpg,2.401913,0.992065
Places365_val_00005237.jpg,2.982526,0.952744
Places365_val_00030191.jpg,2.383487,0.984030
Places365_val_00016876.jpg,2.597303,0.994634
Places365_val_00028834.jpg,2.404484,0.995226
Places365_val_00020261.jpg,1.938003,0.970712
Places365_val_00034361.jpg,2.800807,0.987152
Places365_val_00019144.jpg,2.643269,0.982185
Places365_val_00026072.jpg,2.010582,0.995624
Places365_val_00028842.jpg,2.998859,0.994675
Places365_val_00019938.jpg,2.498348,0.986384
Places365_val_00014539.jpg,2.779575,0.984930
Places365_val_00013624.jpg,2.468772,0.977232
Places365_val_00026949.jpg,2.255393,0.994569
Places365_val_00015115.jpg,2.165235,0.996168
Places365_val_00034080.jpg,2.335207,0.989545
Places365_val_00019992.jpg,3.079174,0.955031
Places365_val_00000914.jpg,2.481783,0.996933
Places365_val_00031529.jpg,2.976971,0.994506
Places365_val_00010997.jpg,1.973048,0.763515
Places365_val_00024839.jpg,1.852777,0.964847
Places365_val_00009395.jpg,2.560855,0.983645
Places365_val_00009174.jpg,2.493506,0.991557
Places365_val_00018782.jpg,2.161026,0.973699
Places365_val_00013335.jpg,2.180928,0.991374
Places365_val_00003003.jpg,2.196903,0.994756
Places365_val_00029425.jpg,2.624796,0.991222
Places365_val_00001427.jpg,2.376086,0.986369
Places365_val_00011418.jpg,2.817110,0.957243
Places365_val_00005417.jpg,3.175485,0.987751
Places365_val_00032052.jpg,2.377005,0.985895
Places365_val_00009407.jpg,2.396021,0.983011
Places365_val_00009140.jpg,2.165207,0.992681
Places365_val_00025277.jpg,2.646407,0.974945
Places365_val_00018139.jpg,3.036924,0.995489
Places365_val_00001435.jpg,2.533674,0.985423
Places365_val_00027662.jpg,2.689345,0.987735
Places365_val_00026782.jpg,2.705192,0.989037
Places365_val_00011199.jpg,1.974465,0.977112
Places365_val_00005449.jpg,2.088660,0.918656
Places365_val_00011211.jpg,2.515811,0.981261
Places365_val_00028247.jpg,2.433278,0.990075
Places365_val_00005255.jpg,2.276773,0.994566
Places365_val_00021388.jpg,2.442413,0.992303
Places365_val_00017583.jpg,2.391831,0.997342
Places365_val_00003357.jpg,1.831978,0.986097
Places365_val_00023726.jpg,2.677485,0.990480
Places365_val_00017012.jpg,2.775270,0.996362
Places365_val_00016216.jpg,2.556366,0.995402
Places365_val_00026280.jpg,2.310692,0.980626
Places365_val_00009730.jpg,2.384604,0.991856
Places365_val_00005013.jpg,3.659580,0.990448
Places365_val_00036375.jpg,2.650183,0.986718
Places365_val_00033080.jpg,2.613852,0.989880
Places365_val_00003475.jpg,2.304926,0.982251
Places365_val_00017775.jpg,2.323030,0.979192
Places365_val_00031568.jpg,2.508598,0.984368
Places365_val_00023828.jpg,2.744530,0.993037
Places365_val_00001423.jpg,2.754278,0.985695
Places365_val_00014192.jpg,2.866545,0.996477
Places365_val_00026341.jpg,2.059201,0.981803
Places365_val_00014670.jpg,2.411613,0.983148
Places365_val_00034458.jpg,2.822946,0.995472
Places365_val_00035226.jpg,2.008736,0.994698
Places365_val_00002227.jpg,2.365250,0.986922
Places365_val_00034784.jpg,2.104805,0.992037
Places365_val_00033782.jpg,2.028335,0.996330
Places365_val_00009870.jpg,1.871785,0.986615
Places365_val_00029722.jpg,2.410497,0.946517
Places365_val_00008075.jpg,3.164912,0.997063
Places365_val_00020960.jpg,1.591012,0.959346
Places365_val_00005017.jpg,2.445962,0.978094
Places365_val_00018804.jpg,2.161516,0.945862
Places365_val_00035266.jpg,2.610550,0.978657
Places365_val_00009139.jpg,2.777110,0.993202
Places365_val_00011042.jpg,2.872868,0.996940
Places365_val_00016053.jpg,2.535928,0.981874
Places365_val_00033873.jpg,2.975489,0.997303
Places365_val_00029494.jpg,2.313397,0.991156
Places365_val_00021954.jpg,2.478777,0.988129
Places365_val_00001314.jpg,2.010638,0.995335
Places365_val_00026517.jpg,2.671982,0.977664
Places365_val_00032478.jpg,2.664361,0.978465
Places365_val_00011355.jpg,2.983091,0.987850
Places365_val_00006667.jpg,2.422541,0.989779
Places365_val_00028756.jpg,2.538729,0.989537
Places365_val_00025932.jpg,2.426249,0.995341
Places365_val_00007122.jpg,2.594731,0.976884
Places365_val_00015532.jpg,2.354849,0.992011
Places365_val_00009591.jpg,1.977552,0.991874
Places365_val_00031860.jpg,2.611535,0.985711
Places365_val_00027215.jpg,1.869756,0.981938
Places365_val_00012480.jpg,2.641789,0.997030
Places365_val_00027362.jpg,3.323490,0.977558
Places365_val_00020686.jpg,2.647692,0.989640
Places365_val_00002981.jpg,1.749926,0.967026
Places365_val_00034474.jpg,2.218681,0.962508
Places365_val_00023657.jpg,2.741851,0.995565
Places365_val_00025587.jpg,2.640212,0.996666
Places365_val_00030385.jpg,2.938120,0.993157
Places365_val_00001299.jpg,2.809222,0.997068
Places365_val_00019919.jpg,2.600731,0.996853
Places365_val_00005025.jpg,3.136323,0.987282
Places365_val_00022110.jpg,2.623780,0.964882
Places365_val_00031031.jpg,2.551309,0.994839
Places365_val_00025775.jpg,2.473798,0.990567
Places365_val_00020202.jpg,2.564295,0.990868
Places365_val_00012839.jpg,2.175037,0.950558
Places365_val_00000185.jpg,2.792595,0.996845
Places365_val_00031962.jpg,2.564424,0.995545
Places365_val_00024055.jpg,2.330694,0.990115
Places365_val_00018847.jpg,2.387502,0.981513
Places365_val_00024313.jpg,2.942066,0.995115
Places365_val_00023872.jpg,2.695620,0.987675
Places365_val_00017653.jpg,2.808192,0.995817
Places365_val_00011417.jpg,2.403091,0.987848
Places365_val_00020184.jpg,2.552424,0.988694
Places365_val_00034857.jpg,1.529874,0.988013
Places365_val_00009965.jpg,2.338976,0.995621
Places365_val_00008936.jpg,3.240748,0.995863
Places365_val_00009768.jpg,2.361037,0.950597
Places365_val_00004738.jpg,2.770743,0.982542
Places365_val_00016112.jpg,2.624510,0.987789
Places365_val_00007447.jpg,2.317252,0.986807
Places365_val_00018388.jpg,2.681108,0.995876
Places365_val_00020450.jpg,2.561050,0.975454
Places365_val_00022667.jpg,2.207524,0.995669
Places365_val_00003341.jpg,2.437661,0.986725
Places365_val_00002284.jpg,2.048964,0.968694
Places365_val_00010893.jpg,2.391932,0.991673
Places365_val_00017027.jpg,2.801413,0.986377
Places365_val_00003417.jpg,2.127178,0.997171
Places365_val_00027264.jpg,2.662097,0.996449
Places365_val_00036348.jpg,2.618586,0.992763
Places365_val_00013560.jpg,2.390508,0.990042
Places365_val_00015740.jpg,2.755648,0.996078
Places365_val_00028806.jpg,2.611819,0.989623
Places365_val_00007496.jpg,2.335731,0.986698
Places365_val_00022431.jpg,2.210090,0.976823
Places365_val_00001715.jpg,1.887664,0.986022
Places365_val_00005238.jpg,2.704175,0.996624
Places365_val_00022635.jpg,2.326184,0.992975
Places365_val_00029822.jpg,1.869554,0.973792
Places365_val_00003965.jpg,2.637029,0.980116
Places365_val_00008306.jpg,1.920836,0.973121
Places365_val_00006251.jpg,2.405253,0.990708
Places365_val_00026075.jpg,2.029351,0.971082
Places365_val_00004702.jpg,2.361227,0.992026
Places365_val_00014860.jpg,2.607637,0.995119
Places365_val_00006162.jpg,2.638821,0.992162
Places365_val_00022413.jpg,2.354339,0.978653
Places365_val_00014542.jpg,2.096211,0.992959
Places365_val_00027943.jpg,2.031900,0.988242
Places365_val_00018336.jpg,2.351248,0.986530
Places365_val_00002214.jpg,2.398422,0.994955
Places365_val_00024239.jpg,2.516891,0.996932
Places365_val_00028801.jpg,2.423681,0.997780
Places365_val_00026428.jpg,1.783339,0.992575
Places365_val_00002437.jpg,2.198598,0.988636
Places365_val_00032792.jpg,2.419924,0.995086
Places365_val_00003143.jpg,3.254047,0.993686
Places365_val_00016373.jpg,2.177694,0.992563
Places365_val_00026157.jpg,1.574771,0.917583
Places365_val_00025745.jpg,2.510950,0.989677
Places365_val_00019457.jpg,2.509633,0.978877
Places365_val_00023287.jpg,3.122047,0.985840
Places365_val_00027102.jpg,2.460801,0.996754
Places365_val_00024080.jpg,2.101798,0.923985
Places365_val_00019325.jpg,2.301218,0.989925
Places365_val_00011990.jpg,2.076784,0.990807
Places365_val_00024769.jpg,2.290925,0.990689
Places365_val_00017245.jpg,2.480797,0.990624
Places365_val_00035750.jpg,0.844854,0.944657
Places365_val_00015440.jpg,2.788778,0.929625
Places365_val_00035368.jpg,3.162410,0.988139
Places365_val_00019164.jpg,2.757371,0.996997
Places365_val_00028039.jpg,2.591501,0.994393
Places365_val_00010436.jpg,2.383299,0.990452
Places365_val_00020298.jpg,2.409316,0.992358
Places365_val_00003649.jpg,2.913145,0.990068
Places365_val_00019844.jpg,2.580816,0.966612
Places365_val_00009624.jpg,2.748772,0.963914
Places365_val_00023428.jpg,1.901543,0.967059
Places365_val_00005092.jpg,1.710275,0.954546
Places365_val_00012666.jpg,2.203354,0.967099
Places365_val_00009080.jpg,2.084880,0.987861
Places365_val_00017747.jpg,1.942811,0.985102
Places365_val_00002088.jpg,2.457320,0.994010
Places365_val_00020670.jpg,2.544537,0.991845
Places365_val_00008343.jpg,2.526132,0.997010
Places365_val_00031794.jpg,2.823366,0.978390
Places365_val_00014379.jpg,2.616097,0.986129
Places365_val_00010909.jpg,2.728493,0.961415
Places365_val_00032985.jpg,2.326365,0.989147
Places365_val_00015002.jpg,2.893707,0.988954
Places365_val_00001931.jpg,1.657874,0.984539
Places365_val_00024483.jpg,1.646446,0.843360
Places365_val_00010511.jpg,2.187911,0.989199
Places365_val_00030466.jpg,3.146132,0.996336
Places365_val_00008739.jpg,2.140661,0.991555
Places365_val_00033964.jpg,2.686399,0.989065
Places365_val_00025075.jpg,2.603530,0.989729
Places365_val_00007270.jpg,2.681859,0.997266
Places365_val_00020952.jpg,2.583344,0.993570
Places365_val_00008127.jpg,2.862441,0.989870
Places365_val_00006793.jpg,2.383829,0.987438
Places365_val_00014190.jpg,1.974930,0.962454
Places365_val_00030244.jpg,2.517641,0.991707
Places365_val_00015931.jpg,2.544642,0.948737
Places365_val_00023920.jpg,2.872882,0.994865
Places365_val_00024889.jpg,2.708022,0.989814
Places365_val_00033901.jpg,2.651605,0.955190
Places365_val_00028194.jpg,2.962802,0.989474
Places365_val_00030464.jpg,2.452633,0.989012
Places365_val_00026142.jpg,2.654668,0.980992
Places365_val_00013751.jpg,2.450941,0.991888
Places365_val_00005222.jpg,2.592157,0.989800
Places365_val_00018935.jpg,2.138578,0.991712
Places365_val_00032510.jpg,2.281975,0.981695
Places365_val_00031881.jpg,2.810083,0.991960
Places365_val_00021098.jpg,3.047448,0.990266
Places365_val_00028361.jpg,2.938954,0.989457
Places365_val_00012507.jpg,2.591743,0.994251
Places365_val_00035823.jpg,2.646130,0.964544
Places365_val_00016814.jpg,2.608799,0.987504
Places365_val_00009802.jpg,2.429053,0.909930
Places365_val_00030336.jpg,2.425305,0.991601
Places365_val_00026423.jpg,2.025837,0.979453
Places365_val_00007119.jpg,2.411097,0.970119
Places365_val_00030663.jpg,2.967682,0.996259
Places365_val_00011835.jpg,2.403889,0.982644
Places365_val_00025264.jpg,2.143376,0.994608
Places365_val_00033738.jpg,2.450704,0.987833
Places365_val_00004223.jpg,2.614608,0.992659
Places365_val_00017632.jpg,2.604759,0.994933
Places365_val_00023805.jpg,2.404901,0.957686
Places365_val_00006663.jpg,2.971609,0.980959
Places365_val_00008450.jpg,2.817843,0.986792
Places365_val_00017601.jpg,2.500091,0.996338
Places365_val_00029140.jpg,2.269835,0.993712
Places365_val_00000199.jpg,2.470676,0.997574
Places365_val_00023930.jpg,2.364658,0.993240
Places365_val_00020088.jpg,2.029523,0.986489
Places365_val_00020250.jpg,2.165955,0.991914
Places365_val_00010434.jpg,2.551943,0.905685
Places365_val_00008856.jpg,2.067258,0.981356
Places365_val_00034930.jpg,2.125473,0.993376
Places365_val_00018283.jpg,1.808956,0.988496
Places365_val_00036005.jpg,2.252285,0.972826
Places365_val_00010977.jpg,2.622501,0.992072
Places365_val_00007326.jpg,2.410964,0.994602
Places365_val_00014527.jpg,2.467367,0.989878
Places365_val_00001474.jpg,2.452824,0.986041
Places365_val_00034844.jpg,2.775849,0.980126
Places365_val_00025135.jpg,2.355309,0.992329
Places365_val_00003405.jpg,2.687029,0.985189
Places365_val_00013161.jpg,2.537047,0.991853
Places365_val_00024774.jpg,2.226188,0.992263
Places365_val_00021987.jpg,2.550408,0.990757
Places365_val_00025371.jpg,2.211531,0.989487
Places365_val_00006854.jpg,2.508780,0.989970
Places365_val_00033780.jpg,2.794793,0.994559
Places365_val_00030039.jpg,2.535356,0.982664
Places365_val_00001004.jpg,2.478374,0.994884
Places365_val_00024793.jpg,2.090520,0.989387
Places365_val_00019461.jpg,2.487879,0.993466
Places365_val_00033137.jpg,2.040182,0.995292
Places365_val_00017869.jpg,2.710383,0.976729
Places365_val_00002175.jpg,2.678601,0.994759
Places365_val_00014742.jpg,2.235395,0.990617
Places365_val_00024290.jpg,2.993484,0.975041
Places365_val_00018145.jpg,3.047285,0.991420
Places365_val_00034673.jpg,2.415295,0.977935
Places365_val_00025393.jpg,2.700571,0.984453
Places365_val_00013391.jpg,2.574826,0.998075
Places365_val_00018201.jpg,2.153815,0.938256
Places365_val_00001496.jpg,2.039686,0.960039
Places365_val_00006322.jpg,2.634368,0.989974
Places365_val_00018677.jpg,2.228112,0.994513
Places365_val_00026312.jpg,2.327029,0.991641
Places365_val_00020099.jpg,2.628108,0.991111
Places365_val_00008535.jpg,1.889852,0.993820
Places365_val_00006633.jpg,2.644591,0.988973
Places365_val_00004489.jpg,1.592800,0.855766
Places365_val_00025222.jpg,2.528993,0.997594
Places365_val_00004710.jpg,2.073577,0.963876
Places365_val_00010528.jpg,2.355700,0.990633
Places365_val_00034728.jpg,2.456909,0.994239
Places365_val_00005045.jpg,2.522017,0.988208
Places365_val_00035690.jpg,2.950521,0.994590
Places365_val_00017309.jpg,2.104370,0.966568
Places365_val_00030236.jpg,2.598059,0.991793
Places365_val_00010077.jpg,2.369564,0.906763
Places365_val_00005337.jpg,2.168245,0.989644
Places365_val_00026694.jpg,2.798013,0.991616
Places365_val_00012808.jpg,2.279274,0.980476
Places365_val_00019890.jpg,2.239226,0.979456
Places365_val_00020466.jpg,2.181633,0.944543
Places365_val_00022656.jpg,2.408440,0.981576
Places365_val_00031335.jpg,1.825220,0.965314
Places365_val_00022176.jpg,2.415083,0.992918
Places365_val_00009276.jpg,2.462288,0.986789
Places365_val_00000976.jpg,2.419164,0.995447
Places365_val_00024210.jpg,2.790685,0.991568
Places365_val_00033015.jpg,2.622171,0.993046
Places365_val_00032866.jpg,1.930082,0.940871
Places365_val_00031776.jpg,2.293655,0.929443
Places365_val_00027015.jpg,2.608164,0.992487
Places365_val_00030088.jpg,1.782404,0.801823
Places365_val_00015656.jpg,2.761364,0.980287
Places365_val_00014450.jpg,2.163051,0.980708
Places365_val_00026260.jpg,1.527837,0.966776
Places365_val_00000940.jpg,2.610594,0.995872
Places365_val_00017984.jpg,1.892039,0.979731
Places365_val_00012359.jpg,2.563652,0.995492
Places365_val_00005493.jpg,2.605262,0.994677
Places365_val_00020132.jpg,2.492277,0.995417
Places365_val_00005541.jpg,2.619863,0.996430
Places365_val_00003869.jpg,2.955571,0.994034
Places365_val_00028380.jpg,1.418787,0.732405
Places365_val_00005209.jpg,1.778835,0.868283
Places365_val_00012342.jpg,2.103182,0.990466
Places365_val_00028052.jpg,2.567623,0.994423
Places365_val_00036089.jpg,2.731718,0.933916
Places365_val_00020326.jpg,1.626713,0.926013
Places365_val_00030311.jpg,2.266081,0.971232
Places365_val_00014300.jpg,2.569666,0.981003
Places365_val_00003107.jpg,2.715382,0.992791
Places365_val_00032595.jpg,2.578550,0.963339
Places365_val_00011994.jpg,2.457737,0.973348
Places365_val_00032836.jpg,2.348715,0.984148
Places365_val_00002484.jpg,2.564336,0.986031
Places365_val_00010823.jpg,2.902978,0.993401
Places365_val_00012153.jpg,2.508044,0.968899
Places365_val_00008728.jpg,1.845444,0.985225
Places365_val_00005051.jpg,2.481045,0.993640
Places365_val_00008320.jpg,2.862452,0.996367
Places365_val_00033196.jpg,2.461538,0.941771
Places365_val_00004032.jpg,2.722640,0.991643
Places365_val_00028374.jpg,2.737506,0.994764
Places365_val_00007897.jpg,2.462487,0.987302
Places365_val_00003292.jpg,2.336122,0.964948
Places365_val_00024887.jpg,2.967832,0.974392
Places365_val_00028656.jpg,2.228847,0.979329
Places365_val_00009021.jpg,2.132446,0.987791
Places365_val_00016967.jpg,2.682981,0.987501
Places365_val_00005778.jpg,2.803439,0.962541
Places365_val_00002071.jpg,2.369547,0.972531
Places365_val_00003722.jpg,2.370552,0.993013
Places365_val_00024188.jpg,2.257226,0.991020
Places365_val_00004084.jpg,2.233326,0.980850
Places365_val_00028259.jpg,2.513722,0.980085
Places365_val_00020465.jpg,2.295277,0.980589
Places365_val_00030749.jpg,2.342413,0.990361
Places365_val_00011066.jpg,2.726720,0.975936
Places365_val_00026169.jpg,2.360956,0.983880
Places365_val_00011416.jpg,2.515832,0.988678
Places365_val_00015230.jpg,2.411095,0.975066
Places365_val_00032107.jpg,3.265858,0.995605
Places365_val_00022810.jpg,2.232442,0.928418
Places365_val_00011483.jpg,2.765285,0.962277
Places365_val_00022026.jpg,1.015295,0.748131
Places365_val_00014677.jpg,2.298078,0.995467
Places365_val_00025809.jpg,1.819387,0.980954
Places365_val_00015264.jpg,2.181023,0.994492
Places365_val_00027013.jpg,2.485912,0.949795
Places365_val_00007094.jpg,2.086813,0.955951
Places365_val_00021306.jpg,2.469553,0.993213
Places365_val_00020982.jpg,2.339036,0.980672
Places365_val_00007395.jpg,2.274611,0.986465
Places365_val_00021467.jpg,2.688495,0.980952
Places365_val_00008620.jpg,2.059907,0.991009
Places365_val_00002079.jpg,2.622421,0.985639
Places365_val_00030352.jpg,2.406253,0.988505
Places365_val_00008774.jpg,2.362202,0.985414
Places365_val_00020774.jpg,2.252096,0.989865
Places365_val_00010615.jpg,2.306594,0.986130
Places365_val_00033688.jpg,2.982454,0.988915
Places365_val_00033067.jpg,2.181918,0.986101
Places365_val_00035961.jpg,2.682756,0.997176
Places365_val_00002315.jpg,1.848818,0.988896
Places365_val_00006280.jpg,2.675166,0.989956
Places365_val_00016658.jpg,2.899969,0.996974
Places365_val_00030592.jpg,2.201027,0.984369
Places365_val_00007649.jpg,2.198794,0.982517
Places365_val_00001990.jpg,2.891859,0.992530
Places365_val_00008467.jpg,2.974183,0.992010
Places365_val_00025237.jpg,2.237799,0.994742
Places365_val_00021453.jpg,1.768341,0.970260
Places365_val_00005979.jpg,3.258629,0.996794
Places365_val_00019983.jpg,2.402356,0.982214
Places365_val_00013664.jpg,2.872169,0.996546
Places365_val_00002475.jpg,2.892825,0.996854
Places365_val_00002310.jpg,2.750951,0.990883
Places365_val_00009177.jpg,1.959336,0.969532
Places365_val_00036314.jpg,2.132952,0.990737
Places365_val_00024923.jpg,2.851144,0.993803
Places365_val_00017357.jpg,2.238369,0.989486
Places365_val_00013923.jpg,1.825689,0.983886
Places365_val_00017554.jpg,2.479427,0.991022
Places365_val_00017053.jpg,2.487386,0.960674
Places365_val_00024091.jpg,2.527533,0.990973
Places365_val_00026393.jpg,2.071954,0.928380
Places365_val_00021705.jpg,2.514921,0.994885
Places365_val_00002461.jpg,2.078936,0.989644
Places365_val_00003543.jpg,2.159042,0.996005
Places365_val_00002758.jpg,2.209891,0.984994
Places365_val_00022402.jpg,2.440146,0.991898
Places365_val_00015492.jpg,3.098952,0.988862
Places365_val_00025458.jpg,2.382908,0.984469
Places365_val_00009975.jpg,2.521711,0.992884
Places365_val_00020910.jpg,2.261538,0.987658
Places365_val_00012340.jpg,2.154865,0.989402
Places365_val_00025969.jpg,2.685108,0.937859
Places365_val_00025990.jpg,2.284841,0.984331
Places365_val_00034175.jpg,3.229235,0.990781
Places365_val_00016017.jpg,2.658627,0.983011
Places365_val_00027159.jpg,1.483802,0.965240
Places365_val_00000957.jpg,2.765283,0.995026
Places365_val_00031818.jpg,1.779199,0.981205
Places365_val_00024465.jpg,2.671497,0.995388
Places365_val_00006263.jpg,2.481044,0.973998
Places365_val_00024501.jpg,2.541960,0.993062
Places365_val_00025011.jpg,2.962280,0.986108
Places365_val_00027859.jpg,2.055063,0.993463
Places365_val_00005496.jpg,2.842870,0.996569
Places365_val_00016086.jpg,2.095482,0.990739
Places365_val_00002978.jpg,2.644286,0.983852
Places365_val_00025318.jpg,3.141808,0.998212
Places365_val_00023079.jpg,2.345086,0.992716
Places365_val_00003146.jpg,2.523631,0.985090
Places365_val_00029611.jpg,2.437745,0.979565
Places365_val_00021713.jpg,2.659889,0.975598
Places365_val_00012734.jpg,2.574915,0.993553
Places365_val_00033308.jpg,2.677424,0.992059
Places365_val_00006883.jpg,2.540906,0.995493
Places365_val_00004841.jpg,2.422871,0.992512
Places365_val_00030387.jpg,1.999533,0.972170
Places365_val_00013186.jpg,2.502960,0.995574
Places365_val_00029002.jpg,2.884370,0.988205
Places365_val_00004912.jpg,2.270608,0.989795
Places365_val_00004797.jpg,2.872875,0.976038
Places365_val_00023052.jpg,2.548067,0.987745
Places365_val_00010494.jpg,2.539909,0.972716
Places365_val_00007737.jpg,2.324626,0.992803
Places365_val_00020673.jpg,2.495670,0.982140
Places365_val_00001487.jpg,2.607203,0.994406
Places365_val_00008253.jpg,2.697032,0.995184
Places365_val_00004505.jpg,2.279826,0.976744
Places365_val_00007147.jpg,1.633664,0.969464
Places365_val_00011733.jpg,2.123217,0.991991
Places365_val_00034788.jpg,2.339708,0.986998
Places365_val_00016097.jpg,2.912779,0.998358
Places365_val_00005048.jpg,2.700408,0.995310
Places365_val_00003906.jpg,2.669590,0.994816
Places365_val_00017808.jpg,2.782681,0.986605
Places365_val_00017272.jpg,3.017765,0.983720
Places365_val_00032222.jpg,2.576659,0.973685
Places365_val_00025988.jpg,2.309853,0.994245
Places365_val_00011045.jpg,2.281285,0.989867
Places365_val_00018496.jpg,2.156008,0.991390
Places365_val_00007985.jpg,2.702001,0.995359
Places365_val_00022076.jpg,2.173387,0.992901
Places365_val_00033819.jpg,2.458326,0.994632
Places365_val_00001590.jpg,2.233377,0.983055
Places365_val_00001928.jpg,2.624945,0.987583
Places365_val_00000225.jpg,1.976909,0.990481
Places365_val_00033718.jpg,2.239325,0.983731
Places365_val_00001359.jpg,2.616693,0.987680
Places365_val_00013241.jpg,1.897151,0.966886
Places365_val_00007944.jpg,2.546147,0.985513
Places365_val_00001428.jpg,2.645238,0.996385
Places365_val_00021776.jpg,2.270841,0.993082
Places365_val_00001173.jpg,2.007081,0.972159
Places365_val_00016718.jpg,2.545529,0.996774
Places365_val_00023906.jpg,2.373592,0.990671
Places365_val_00021204.jpg,1.932065,0.977467
Places365_val_00034020.jpg,2.546408,0.990159
Places365_val_00030339.jpg,1.753067,0.983564
Places365_val_00009553.jpg,2.453834,0.982961
Places365_val_00016535.jpg,2.290761,0.992160
Places365_val_00013837.jpg,2.427510,0.992053
Places365_val_00033674.jpg,1.751605,0.855271
Places365_val_00036425.jpg,2.099621,0.994209
Places365_val_00000670.jpg,2.460899,0.970370
Places365_val_00020736.jpg,2.352852,0.984272
Places365_val_00014665.jpg,2.572126,0.996105
Places365_val_00031024.jpg,2.365011,0.986735
Places365_val_00033637.jpg,2.278809,0.994971
Places365_val_00000239.jpg,2.571278,0.996036
Places365_val_00005003.jpg,2.481506,0.993407
Places365_val_00026411.jpg,3.168889,0.989044
Places365_val_00003293.jpg,2.386634,0.994959
Places365_val_00004293.jpg,3.051305,0.993335
Places365_val_00022084.jpg,2.386722,0.987472
Places365_val_00014910.jpg,1.339560,0.975812
Places365_val_00013975.jpg,3.214217,0.998170
Places365_val_00022997.jpg,2.289621,0.978253
Places365_val_00011864.jpg,2.335110,0.979411
Places365_val_00006725.jpg,1.747934,0.988497
Places365_val_00031416.jpg,2.200642,0.989909
Places365_val_00034173.jpg,2.304041,0.976572
Places365_val_00028353.jpg,2.056885,0.986422
Places365_val_00021327.jpg,2.689736,0.974128
Places365_val_00035061.jpg,1.940333,0.975191
Places365_val_00016167.jpg,2.175498,0.991078
Places365_val_00024721.jpg,1.938951,0.982416
Places365_val_00008909.jpg,2.826320,0.987059
Places365_val_00013033.jpg,2.683364,0.994550
Places365_val_00009507.jpg,2.870408,0.989605
Places365_val_00027335.jpg,2.524917,0.971477
Places365_val_00023003.jpg,1.830889,0.993630
Places365_val_00012301.jpg,2.327201,0.926016
Places365_val_00024991.jpg,2.272646,0.964558
Places365_val_00023234.jpg,2.597721,0.988429
Places365_val_00028476.jpg,1.711822,0.993802
Places365_val_00006990.jpg,3.058426,0.991753
Places365_val_00031328.jpg,2.254684,0.991394
Places365_val_00003681.jpg,2.269410,0.970388
Places365_val_00020549.jpg,1.693988,0.986426
Places365_val_00015289.jpg,2.452621,0.979771
Places365_val_00002065.jpg,2.589682,0.994171
Places365_val_00028202.jpg,2.437591,0.988819
Places365_val_00000208.jpg,2.422626,0.980669
Places365_val_00024505.jpg,2.655307,0.973943
Places365_val_00003989.jpg,2.396975,0.978394
Places365_val_00003025.jpg,2.879367,0.952695
Places365_val_00018914.jpg,2.299767,0.993246
Places365_val_00010307.jpg,2.014930,0.982538
Places365_val_00012942.jpg,2.374591,0.984459
Places365_val_00010553.jpg,2.249247,0.979271
Places365_val_00013959.jpg,3.336188,0.990565
Places365_val_00015515.jpg,2.277756,0.994380
Places365_val_00036173.jpg,2.555932,0.991656
Places365_val_00030787.jpg,2.386229,0.991079
Places365_val_00031665.jpg,2.405051,0.992520
Places365_val_00017544.jpg,2.700089,0.991874
Places365_val_00027683.jpg,2.700447,0.998132
Places365_val_00028777.jpg,2.140482,0.993873
Places365_val_00030099.jpg,2.205305,0.991504
Places365_val_00000122.jpg,1.798598,0.973209
Places365_val_00012914.jpg,2.803952,0.990890
Places365_val_00006718.jpg,2.402560,0.984688
Places365_val_00015345.jpg,2.750936,0.993216
Places365_val_00021586.jpg,2.495076,0.995411
Places365_val_00034606.jpg,2.572810,0.996891
Places365_val_00005406.jpg,2.775633,0.991979
Places365_val_00017935.jpg,2.687092,0.994035
Places365_val_00030920.jpg,2.914631,0.989900
Places365_val_00030200.jpg,2.981656,0.985071
Places365_val_00015754.jpg,2.631639,0.932425
Places365_val_00017914.jpg,2.516162,0.981946
Places365_val_00023245.jpg,1.630801,0.962400
Places365_val_00009723.jpg,2.833746,0.996283
Places365_val_00013582.jpg,2.360752,0.991850
Places365_val_00023918.jpg,2.335062,0.979803
Places365_val_00023545.jpg,2.101429,0.988278
Places365_val_00008375.jpg,3.318143,0.996433
Places365_val_00025688.jpg,2.124574,0.988106
Places365_val_00013271.jpg,2.316694,0.979986
Places365_val_00004019.jpg,2.661766,0.994116
Places365_val_00035298.jpg,2.296799,0.955939
Places365_val_00002742.jpg,2.550817,0.993272
Places365_val_00025166.jpg,2.368917,0.979373
Places365_val_00028934.jpg,2.212595,0.987715
Places365_val_00001082.jpg,2.106477,0.994767
Places365_val_00034971.jpg,2.251251,0.980583
Places365_val_00030273.jpg,2.597198,0.995406
Places365_val_00005624.jpg,1.851966,0.986496
Places365_val_00029363.jpg,2.553943,0.991359
Places365_val_00018877.jpg,2.309798,0.992961
Places365_val_00023211.jpg,2.274964,0.950082
Places365_val_00012971.jpg,2.522942,0.991275
Places365_val_00018446.jpg,2.683311,0.988392
Places365_val_00028695.jpg,2.786476,0.890668
Places365_val_00026348.jpg,2.559260,0.982564
Places365_val_00025097.jpg,2.545004,0.987014
Places365_val_00022268.jpg,2.208987,0.995319
Places365_val_00016350.jpg,2.738930,0.996093
Places365_val_00007532.jpg,2.089360,0.966272
Places365_val_00013914.jpg,3.360273,0.993638
Places365_val_00011976.jpg,2.145591,0.954822
Places365_val_00005185.jpg,2.576022,0.994317
Places365_val_00009690.jpg,1.824333,0.984649
Places365_val_00010200.jpg,2.517244,0.986433
Places365_val_00028861.jpg,2.018610,0.969624
Places365_val_00025913.jpg,2.995357,0.994077
Places365_val_00021692.jpg,3.192144,0.993903
Places365_val_00023554.jpg,2.717038,0.990313
Places365_val_00003651.jpg,2.411215,0.982703
Places365_val_00020172.jpg,1.745885,0.981430
Places365_val_00035630.jpg,2.337754,0.964722
Places365_val_00013399.jpg,2.232219,0.969150
Places365_val_00034296.jpg,3.127055,0.986550
Places365_val_00009599.jpg,2.697141,0.986946
Places365_val_00015476.jpg,2.726113,0.981520
Places365_val_00034259.jpg,2.379132,0.987578
Places365_val_00022805.jpg,2.243541,0.978474
Places365_val_00000727.jpg,2.371895,0.989954
Places365_val_00011226.jpg,2.416052,0.911551
Places365_val_00029242.jpg,2.462454,0.891933
Places365_val_00025010.jpg,2.211668,0.990946
Places365_val_00014524.jpg,2.555318,0.995336
Places365_val_00012742.jpg,3.045158,0.987676
Places365_val_00004219.jpg,2.178667,0.987753
Places365_val_00016983.jpg,2.005737,0.993934
Places365_val_00005894.jpg,2.198443,0.993305
Places365_val_00000622.jpg,1.820259,0.990214
Places365_val_00009828.jpg,3.150125,0.994240
Places365_val_00008029.jpg,3.012368,0.997537
Places365_val_00032919.jpg,4.724130,0.996088
Places365_val_00001074.jpg,2.807279,0.993505
Places365_val_00007444.jpg,2.144391,0.986908
Places365_val_00023141.jpg,2.793287,0.981540
Places365_val_00013424.jpg,1.348729,0.982842
Places365_val_00015959.jpg,1.779174,0.949732
Places365_val_00024365.jpg,2.692151,0.996706
Places365_val_00033606.jpg,2.547897,0.996626
Places365_val_00028698.jpg,2.348540,0.991447
Places365_val_00007936.jpg,2.304523,0.991780
Places365_val_00030013.jpg,2.008850,0.958748
Places365_val_00017896.jpg,2.383570,0.985377
Places365_val_00024522.jpg,2.429015,0.989550
Places365_val_00005659.jpg,2.981921,0.993742
Places365_val_00011366.jpg,2.604373,0.973235
Places365_val_00008128.jpg,1.890028,0.988032
Places365_val_00002251.jpg,2.460735,0.991160
Places365_val_00025596.jpg,2.800889,0.979753
Places365_val_00026990.jpg,2.322159,0.988102
Places365_val_00005709.jpg,2.658551,0.987152
Places365_val_00015729.jpg,3.039100,0.993624
Places365_val_00007586.jpg,3.642194,0.986568
Places365_val_00004996.jpg,2.585785,0.990457
Places365_val_00027132.jpg,1.549481,0.929619
Places365_val_00015920.jpg,2.197836,0.964028
Places365_val_00034032.jpg,2.243557,0.995295
Places365_val_00031439.jpg,2.770276,0.982895
Places365_val_00025834.jpg,2.140684,0.990097
Places365_val_00017867.jpg,1.959695,0.954914
Places365_val_00006546.jpg,2.516032,0.992655
Places365_val_00023550.jpg,2.368140,0.984942
Places365_val_00034167.jpg,2.029705,0.994701
Places365_val_00018512.jpg,2.169225,0.976009
Places365_val_00014237.jpg,2.140668,0.965344
Places365_val_00024842.jpg,2.626495,0.985344
Places365_val_00029507.jpg,3.184706,0.981852
Places365_val_00015574.jpg,1.592715,0.984016
Places365_val_00011532.jpg,2.443190,0.980412
Places365_val_00005863.jpg,2.638562,0.992544
Places365_val_00034941.jpg,2.026653,0.982788
Places365_val_00025061.jpg,1.947745,0.985276
Places365_val_00018931.jpg,1.665199,0.953663
Places365_val_00035864.jpg,2.377469,0.990556
Places365_val_00000760.jpg,2.450809,0.995784
Places365_val_00029456.jpg,2.902975,0.986840
Places365_val_00034913.jpg,3.049188,0.998363
Places365_val_00011589.jpg,2.985125,0.945557
Places365_val_00023333.jpg,2.454694,0.990156
Places365_val_00009192.jpg,2.428600,0.992437
Places365_val_00026193.jpg,2.207373,0.992794
Places365_val_00034630.jpg,2.530917,0.986491
Places365_val_00016807.jpg,1.759594,0.980363
Places365_val_00002853.jpg,2.398704,0.992348
Places365_val_00002719.jpg,3.064994,0.957039
Places365_val_00032715.jpg,3.141701,0.987902
Places365_val_00000640.jpg,2.206644,0.992400
Places365_val_00009462.jpg,3.042888,0.988891
Places365_val_00023528.jpg,2.350082,0.975983
Places365_val_00009707.jpg,2.222813,0.983361
Places365_val_00023356.jpg,2.381890,0.991482
Places365_val_00035270.jpg,3.097997,0.994816
Places365_val_00032420.jpg,2.297341,0.990872
Places365_val_00036115.jpg,2.379918,0.958091
Places365_val_00017724.jpg,2.509889,0.991703
Places365_val_00011678.jpg,3.542110,0.979196
Places365_val_00019195.jpg,2.322075,0.979004
Places365_val_00024455.jpg,2.201016,0.956058
Places365_val_00003076.jpg,3.227793,0.997670
Places365_val_00004805.jpg,2.405053,0.976411
Places365_val_00022391.jpg,2.408963,0.997035
Places365_val_00026489.jpg,2.409242,0.993823
Places365_val_00007127.jpg,2.205683,0.984008
Places365_val_00036243.jpg,2.727818,0.981703
Places365_val_00004122.jpg,2.580926,0.975774
Places365_val_00013839.jpg,2.958970,0.987916
Places365_val_00001756.jpg,2.212755,0.975982
Places365_val_00006461.jpg,2.208700,0.990706
Places365_val_00010194.jpg,2.590847,0.990155
Places365_val_00027172.jpg,2.348872,0.975514
Places365_val_00031981.jpg,2.218296,0.986903
Places365_val_00010821.jpg,2.876703,0.992803
Places365_val_00018057.jpg,2.347803,0.975685
Places365_val_00019976.jpg,2.396823,0.971835
Places365_val_00030850.jpg,2.934051,0.976015
Places365_val_00016808.jpg,2.941114,0.967605
Places365_val_00006541.jpg,2.046784,0.981300
Places365_val_00026389.jpg,2.458286,0.989285
Places365_val_00032709.jpg,2.223189,0.991867
Places365_val_00021834.jpg,1.821783,0.987643
Places365_val_00010637.jpg,2.617813,0.994228
Places365_val_00015087.jpg,2.849522,0.994356
Places365_val_00023400.jpg,2.048751,0.938143
Places365_val_00015389.jpg,2.605469,0.986182
Places365_val_00036127.jpg,2.853509,0.993312
Places365_val_00010567.jpg,2.428055,0.970594
Places365_val_00021571.jpg,2.374381,0.984167
Places365_val_00031735.jpg,2.577063,0.995951
Places365_val_00023303.jpg,1.883102,0.968479
Places365_val_00020266.jpg,2.304218,0.964978
Places365_val_00016021.jpg,2.989435,0.995525
Places365_val_00001604.jpg,2.108387,0.952094
Places365_val_00011744.jpg,2.469657,0.994720
Places365_val_00008732.jpg,2.228225,0.969986
Places365_val_00007697.jpg,1.456022,0.980913
Places365_val_00003308.jpg,2.276216,0.982945
Places365_val_00033599.jpg,3.052223,0.998083
Places365_val_00030927.jpg,2.573601,0.987184
Places365_val_00035596.jpg,2.406723,0.988596
Places365_val_00010874.jpg,2.765739,0.997084
Places365_val_00034834.jpg,2.593573,0.961806
Places365_val_00016257.jpg,2.138774,0.984217
Places365_val_00022261.jpg,2.413585,0.988377
Places365_val_00019394.jpg,2.579943,0.993559
Places365_val_00016856.jpg,2.713178,0.994635
Places365_val_00022452.jpg,2.549467,0.888785
Places365_val_00000003.jpg,2.588045,0.989616
Places365_val_00016847.jpg,2.934152,0.993607
Places365_val_00023142.jpg,2.269797,0.985306
Places365_val_00009186.jpg,2.518295,0.996243
Places365_val_00028961.jpg,2.901798,0.982488
Places365_val_00033830.jpg,2.878258,0.994627
Places365_val_00015842.jpg,2.527838,0.997589
Places365_val_00014350.jpg,2.860625,0.994820
Places365_val_00030054.jpg,2.655630,0.995677
Places365_val_00030554.jpg,2.779111,0.985410
Places365_val_00001348.jpg,1.957274,0.975206
Places365_val_00029708.jpg,2.493692,0.995728
Places365_val_00022353.jpg,2.236287,0.947604
Places365_val_00019677.jpg,1.440286,0.907593
Places365_val_00025053.jpg,2.969466,0.997311
Places365_val_00026680.jpg,2.884600,0.979471
Places365_val_00004724.jpg,2.922037,0.953858
Places365_val_00001834.jpg,2.923730,0.981261
Places365_val_00009135.jpg,2.653367,0.993172
Places365_val_00019125.jpg,2.389999,0.995699
Places365_val_00034400.jpg,2.628585,0.987692
Places365_val_00002213.jpg,2.281373,0.989655
Places365_val_00019280.jpg,1.914622,0.968052
Places365_val_00022378.jpg,2.782399,0.977487
Places365_val_00014959.jpg,3.482543,0.974443
Places365_val_00033091.jpg,1.976786,0.994273
Places365_val_00020813.jpg,2.407902,0.993033
Places365_val_00011639.jpg,2.528032,0.994312
Places365_val_00035759.jpg,2.536579,0.979670
Places365_val_00025652.jpg,1.882549,0.967158
Places365_val_00016008.jpg,2.995264,0.989106
Places365_val_00011958.jpg,2.681602,0.977762
Places365_val_00031736.jpg,2.873976,0.982965
Places365_val_00035792.jpg,2.386038,0.993057
Places365_val_00030300.jpg,2.823941,0.982418
Places365_val_00022278.jpg,2.311973,0.993570
Places365_val_00019867.jpg,2.482900,0.994899
Places365_val_00014022.jpg,2.839978,0.997652
Places365_val_00029511.jpg,2.161723,0.994231
Places365_val_00000062.jpg,2.368445,0.996029
Places365_val_00015263.jpg,2.209289,0.994541
Places365_val_00009581.jpg,2.842773,0.993435
Places365_val_00026959.jpg,2.449429,0.993055
Places365_val_00020593.jpg,2.353694,0.989700
Places365_val_00026908.jpg,2.010877,0.928648
Places365_val_00000838.jpg,2.647182,0.996214
Places365_val_00024007.jpg,2.710354,0.996713
Places365_val_00005009.jpg,2.228807,0.981103
Places365_val_00022118.jpg,2.333511,0.994818
Places365_val_00013741.jpg,1.879014,0.950289
Places365_val_00035035.jpg,2.564592,0.994447
Places365_val_00006052.jpg,2.481292,0.988170
Places365_val_00005775.jpg,2.721123,0.979973
Places365_val_00001695.jpg,1.504527,0.987301
Places365_val_00014563.jpg,2.376627,0.995551
Places365_val_00020692.jpg,3.420587,0.984352
Places365_val_00003175.jpg,2.384409,0.988854
Places365_val_00020141.jpg,3.088430,0.993329
Places365_val_00024496.jpg,2.403265,0.981070
Places365_val_00001088.jpg,1.956858,0.983329
Places365_val_00032761.jpg,2.233591,0.971640
Places365_val_00005391.jpg,2.298349,0.994339
Places365_val_00006391.jpg,1.927231,0.883718
Places365_val_00003231.jpg,2.359093,0.995947
Places365_val_00028592.jpg,1.777476,0.990958
Places365_val_00003095.jpg,2.514112,0.971703
Places365_val_00029747.jpg,3.273171,0.989006
Places365_val_00010910.jpg,2.053018,0.989581
Places365_val_00036154.jpg,2.318736,0.981800
Places365_val_00000628.jpg,2.509591,0.932382
Places365_val_00000042.jpg,2.607166,0.985761
Places365_val_00028093.jpg,2.077559,0.991489
Places365_val_00033190.jpg,2.999258,0.997882
Places365_val_00035909.jpg,2.593651,0.974792
Places365_val_00026711.jpg,2.391185,0.988741
Places365_val_00026980.jpg,1.963869,0.973172
Places365_val_00015701.jpg,2.505659,0.993373
Places365_val_00011806.jpg,2.168985,0.964739
Places365_val_00032596.jpg,2.787766,0.924755
Places365_val_00025341.jpg,3.234606,0.990388
Places365_val_00034283.jpg,2.714241,0.997716
Places365_val_00035278.jpg,2.353244,0.992851
Places365_val_00028815.jpg,2.934353,0.995320
Places365_val_00010854.jpg,1.876993,0.793662
Places365_val_00012441.jpg,2.525666,0.961904
Places365_val_00011031.jpg,2.500631,0.969492
Places365_val_00035880.jpg,3.362334,0.991498
Places365_val_00026365.jpg,2.162767,0.989390
Places365_val_00034072.jpg,2.600709,0.969851
Places365_val_00026521.jpg,2.918938,0.997138
Places365_val_00011544.jpg,1.823561,0.995853
Places365_val_00025746.jpg,2.489132,0.990598
Places365_val_00007365.jpg,2.337102,0.990448
Places365_val_00032470.jpg,2.551381,0.990700
Places365_val_00035804.jpg,2.451917,0.992837
Places365_val_00026524.jpg,2.315146,0.980722
Places365_val_00004012.jpg,2.402780,0.983204
Places365_val_00012037.jpg,2.305048,0.985391
Places365_val_00009781.jpg,2.150705,0.956027
Places365_val_00035821.jpg,2.757192,0.997274
Places365_val_00029146.jpg,2.659760,0.983981
Places365_val_00023176.jpg,2.616063,0.989205
Places365_val_00001192.jpg,2.160931,0.971739
Places365_val_00016869.jpg,2.722412,0.991746
Places365_val_00009458.jpg,2.647221,0.991966
Places365_val_00033858.jpg,2.832106,0.992059
Places365_val_00022430.jpg,2.445634,0.983609
Places365_val_00007087.jpg,2.370751,0.991845
Places365_val_00020611.jpg,2.378613,0.988948
Places365_val_00034637.jpg,2.081505,0.970686
Places365_val_00005544.jpg,2.492659,0.997582
Places365_val_00025161.jpg,2.134152,0.981246
Places365_val_00017022.jpg,2.007329,0.973555
Places365_val_00030601.jpg,2.837055,0.970931
Places365_val_00028233.jpg,2.450356,0.991139
Places365_val_00007582.jpg,2.078552,0.994533
Places365_val_00034977.jpg,2.826736,0.995429
Places365_val_00024057.jpg,2.287010,0.984987
Places365_val_00019861.jpg,2.557545,0.988429
Places365_val_00031612.jpg,2.550313,0.980474
Places365_val_00018111.jpg,2.171902,0.990472
Places365_val_00012109.jpg,2.195767,0.985981
Places365_val_00034763.jpg,2.517151,0.994125
Places365_val_00029181.jpg,2.931269,0.973047
Places365_val_00021135.jpg,2.271023,0.966302
Places365_val_00034141.jpg,2.826708,0.982387
Places365_val_00035287.jpg,2.445551,0.986378
Places365_val_00012872.jpg,2.655196,0.995651
Places365_val_00011833.jpg,2.749146,0.993424
Places365_val_00033391.jpg,3.357679,0.981578
Places365_val_00007136.jpg,3.041258,0.992062
Places365_val_00001005.jpg,2.534024,0.986320
Places365_val_00006235.jpg,2.892430,0.993259
Places365_val_00017016.jpg,2.463305,0.941669
Places365_val_00015093.jpg,2.376213,0.991186
Places365_val_00001837.jpg,2.418058,0.987962
Places365_val_00018494.jpg,3.311161,0.998750
Places365_val_00009804.jpg,3.134584,0.963625
Places365_val_00035588.jpg,2.975978,0.990960
Places365_val_00001581.jpg,2.324379,0.973887
Places365_val_00034052.jpg,1.788262,0.977251
Places365_val_00016293.jpg,2.602739,0.996802
Places365_val_00002519.jpg,2.051543,0.985636
Places365_val_00001953.jpg,3.310478,0.995924
Places365_val_00022183.jpg,3.050348,0.989961
Places365_val_00001311.jpg,1.734380,0.950987
Places365_val_00012981.jpg,2.330639,0.989696
Places365_val_00013922.jpg,2.458288,0.982211
Places365_val_00000897.jpg,2.337718,0.978903
Places365_val_00030256.jpg,2.738512,0.993935
Places365_val_00008780.jpg,2.341986,0.990204
Places365_val_00026261.jpg,2.696245,0.997220
Places365_val_00020827.jpg,2.712507,0.988547
Places365_val_00035878.jpg,2.445468,0.994495
Places365_val_00013154.jpg,3.273236,0.989638
Places365_val_00016528.jpg,1.727813,0.982646
Places365_val_00027401.jpg,2.375341,0.989573
Places365_val_00027402.jpg,2.877236,0.995369
Places365_val_00027775.jpg,2.801449,0.992934
Places365_val_00000835.jpg,2.395186,0.994678
Places365_val_00018893.jpg,2.824447,0.997034
Places365_val_00035385.jpg,2.930584,0.994320
Places365_val_00029348.jpg,2.387613,0.957237
Places365_val_00000850.jpg,1.853406,0.985844
Places365_val_00018437.jpg,2.648731,0.990140
Places365_val_00023276.jpg,2.536336,0.981404
Places365_val_00002286.jpg,2.865059,0.996897
Places365_val_00011979.jpg,2.566571,0.989860
Places365_val_00006607.jpg,2.874737,0.995132
Places365_val_00035634.jpg,2.422259,0.993443
Places365_val_00036039.jpg,2.651704,0.976487
Places365_val_00036312.jpg,2.650288,0.991731
Places365_val_00034586.jpg,2.581681,0.990431
Places365_val_00026512.jpg,2.386370,0.986399
Places365_val_00022206.jpg,2.496188,0.973452
Places365_val_00033145.jpg,2.581318,0.970926
Places365_val_00022286.jpg,2.777282,0.992506
Places365_val_00000870.jpg,2.451674,0.996680
Places365_val_00000811.jpg,2.126228,0.993225
Places365_val_00018132.jpg,2.008097,0.966012
Places365_val_00003056.jpg,1.997449,0.994692
Places365_val_00006776.jpg,2.970860,0.992735
Places365_val_00002525.jpg,2.423494,0.991503
Places365_val_00024517.jpg,3.502396,0.988620
Places365_val_00020779.jpg,2.261756,0.992446
Places365_val_00030166.jpg,2.022682,0.973281
Places365_val_00004755.jpg,2.700748,0.953818
Places365_val_00033374.jpg,2.564999,0.986508
Places365_val_00022789.jpg,2.493964,0.993983
Places365_val_00023048.jpg,1.772868,0.905880
Places365_val_00007850.jpg,2.863179,0.992946
Places365_val_00024643.jpg,2.233229,0.982190
Places365_val_00019925.jpg,2.006658,0.983736
Places365_val_00018685.jpg,2.795008,0.993772
Places365_val_00022128.jpg,2.499718,0.995130
Places365_val_00025163.jpg,1.307825,0.889906
Places365_val_00015419.jpg,2.107303,0.992644
Places365_val_00005497.jpg,2.922599,0.994966
Places365_val_00000369.jpg,2.601683,0.995847
Places365_val_00013628.jpg,2.627396,0.992093
Places365_val_00022390.jpg,2.064081,0.974780
Places365_val_00005634.jpg,2.360328,0.985290
Places365_val_00012280.jpg,2.283458,0.988543
Places365_val_00030254.jpg,2.274749,0.991892
Places365_val_00011995.jpg,2.290103,0.986323
Places365_val_00015593.jpg,2.854958,0.996907
Places365_val_00022371.jpg,2.106851,0.976375
Places365_val_00001048.jpg,2.262607,0.995200
Places365_val_00011169.jpg,2.821631,0.996443
Places365_val_00024994.jpg,2.492692,0.985196
Places365_val_00023634.jpg,2.543927,0.988116
Places365_val_00023278.jpg,1.947331,0.989855
Places365_val_00000135.jpg,2.168011,0.990264
Places365_val_00029162.jpg,2.825401,0.991804
Places365_val_00018510.jpg,2.389933,0.983404
Places365_val_00004576.jpg,2.827804,0.962111
Places365_val_00025241.jpg,2.932586,0.995809
Places365_val_00032376.jpg,3.176450,0.996814
Places365_val_00018207.jpg,2.584220,0.995819
Places365_val_00028150.jpg,2.147669,0.989152
Places365_val_00007597.jpg,3.028309,0.996708
Places365_val_00031598.jpg,2.145341,0.974656
Places365_val_00021791.jpg,2.409028,0.993093
Places365_val_00012171.jpg,2.698941,0.994650
Places365_val_00029111.jpg,2.713754,0.989763
Places365_val_00001047.jpg,2.058687,0.992884
Places365_val_00024922.jpg,2.378100,0.987245
Places365_val_00003956.jpg,2.615259,0.991250
Places365_val_00009656.jpg,2.000978,0.989113
Places365_val_00021071.jpg,2.486241,0.965882
Places365_val_00032221.jpg,2.076904,0.966945
Places365_val_00026525.jpg,2.728487,0.994049
Places365_val_00013820.jpg,2.372886,0.991233
Places365_val_00000178.jpg,3.207767,0.996413
Places365_val_00027147.jpg,1.516849,0.902768
Places365_val_00028637.jpg,2.091583,0.982351
Places365_val_00005095.jpg,2.505756,0.992640
Places365_val_00018292.jpg,2.570104,0.972563
Places365_val_00011907.jpg,2.607713,0.973485
Places365_val_00017120.jpg,2.844605,0.995682
Places365_val_00028679.jpg,1.588314,0.939981
Places365_val_00011710.jpg,1.992194,0.971352
Places365_val_00036069.jpg,2.937152,0.968554
Places365_val_00021064.jpg,2.761780,0.992753
Places365_val_00024033.jpg,1.802154,0.967206
Places365_val_00009901.jpg,2.537144,0.993608
Places365_val_00003110.jpg,2.952897,0.992701
Places365_val_00028539.jpg,3.055832,0.984253
Places365_val_00012863.jpg,2.779050,0.992831
Places365_val_00010826.jpg,2.424448,0.992642
Places365_val_00002201.jpg,2.521372,0.990293
Places365_val_00015425.jpg,2.101472,0.970274
Places365_val_00029305.jpg,2.439469,0.994393
Places365_val_00002482.jpg,2.298161,0.989122
Places365_val_00007909.jpg,3.046282,0.990401
Places365_val_00022550.jpg,2.654286,0.995128
Places365_val_00012147.jpg,2.464499,0.987009
Places365_val_00030702.jpg,2.241042,0.983040
Places365_val_00008421.jpg,2.201464,0.993055
Places365_val_00001489.jpg,2.803672,0.989128
Places365_val_00000391.jpg,2.648139,0.992304
Places365_val_00001736.jpg,2.533961,0.995635
Places365_val_00001441.jpg,2.655965,0.981599
Places365_val_00008475.jpg,2.066609,0.994729
Places365_val_00009993.jpg,2.452841,0.989127
Places365_val_00023165.jpg,2.161405,0.988653
Places365_val_00025348.jpg,2.358725,0.990620
Places365_val_00023299.jpg,2.744023,0.992543
Places365_val_00021149.jpg,2.417605,0.983920
Places365_val_00010935.jpg,2.386262,0.996519
Places365_val_00006611.jpg,2.138458,0.986830
Places365_val_00005613.jpg,2.311241,0.994203
Places365_val_00011772.jpg,3.182515,0.995525
Places365_val_00005718.jpg,2.292383,0.992343
Places365_val_00013691.jpg,3.090043,0.935186
Places365_val_00031651.jpg,2.780046,0.997680
Places365_val_00014653.jpg,2.900157,0.973309
Places365_val_00025284.jpg,2.643973,0.996103
Places365_val_00034538.jpg,2.379979,0.988035
Places365_val_00034049.jpg,2.705728,0.983292
Places365_val_00004917.jpg,2.308428,0.981004
Places365_val_00004111.jpg,1.953244,0.989431
Places365_val_00026902.jpg,2.718627,0.984754
Places365_val_00012986.jpg,2.483553,0.981597
Places365_val_00028989.jpg,2.664464,0.981923
Places365_val_00032693.jpg,1.774739,0.938659
Places365_val_00022469.jpg,2.613495,0.989326
Places365_val_00002520.jpg,1.917834,0.948291
Places365_val_00011289.jpg,1.928935,0.996901
Places365_val_00006756.jpg,2.153959,0.990526
Places365_val_00020674.jpg,2.316606,0.987871
Places365_val_00017657.jpg,2.822533,0.995218
Places365_val_00017805.jpg,2.303326,0.990709
Places365_val_00033988.jpg,3.627404,0.990866
Places365_val_00011767.jpg,2.380186,0.990370
Places365_val_00022693.jpg,2.796241,0.996224
Places365_val_00016970.jpg,2.584822,0.995430
Places365_val_00008082.jpg,2.779272,0.955311
Places365_val_00025737.jpg,2.241487,0.992676
Places365_val_00017206.jpg,2.323664,0.965074
Places365_val_00017649.jpg,2.567580,0.989801
Places365_val_00027281.jpg,2.703058,0.991515
Places365_val_00035036.jpg,2.123922,0.964380
Places365_val_00005295.jpg,1.493918,0.724757
Places365_val_00009236.jpg,2.232463,0.993028
Places365_val_00026876.jpg,1.943405,0.978552
Places365_val_00006787.jpg,2.595328,0.988325
Places365_val_00009648.jpg,2.011629,0.986325
Places365_val_00023405.jpg,2.523404,0.995399
Places365_val_00003236.jpg,2.723330,0.983360
Places365_val_00020585.jpg,2.407607,0.993892
Places365_val_00013552.jpg,1.819305,0.992966
Places365_val_00024703.jpg,2.071655,0.988437
Places365_val_00033580.jpg,3.064710,0.990974
Places365_val_00000803.jpg,2.686734,0.996599
Places365_val_00018036.jpg,1.933582,0.990177
Places365_val_00017310.jpg,2.202127,0.988739
Places365_val_00022973.jpg,2.931042,0.993110
Places365_val_00014283.jpg,2.278381,0.993863
Places365_val_00006679.jpg,2.692553,0.959364
Places365_val_00005531.jpg,2.612860,0.994687
Places365_val_00005322.jpg,2.275900,0.984325
Places365_val_00023899.jpg,2.610343,0.964197
Places365_val_00014660.jpg,2.153652,0.985610
Places365_val_00015333.jpg,2.150583,0.986484
Places365_val_00009840.jpg,2.424532,0.993122
Places365_val_00014818.jpg,2.174656,0.975386
Places365_val_00033329.jpg,3.332093,0.980113
Places365_val_00018973.jpg,2.162020,0.981091
Places365_val_00013217.jpg,2.544978,0.990965
Places365_val_00023775.jpg,2.901104,0.994740
Places365_val_00022119.jpg,2.896467,0.996546
Places365_val_00033778.jpg,2.847592,0.986328
Places365_val_00002398.jpg,1.971363,0.984751
Places365_val_00009333.jpg,2.878097,0.991012
Places365_val_00029516.jpg,2.566986,0.992765
Places365_val_00036030.jpg,2.269190,0.990881
Places365_val_00027753.jpg,2.278733,0.991295
Places365_val_00031780.jpg,2.451654,0.973198
Places365_val_00000055.jpg,2.581436,0.993958
Places365_val_00035076.jpg,2.371360,0.988403
Places365_val_00009664.jpg,2.790550,0.960679
Places365_val_00030680.jpg,2.322636,0.991081
Places365_val_00022506.jpg,2.146350,0.996381
Places365_val_00001085.jpg,2.275492,0.982830
Places365_val_00007667.jpg,2.554338,0.986082
Places365_val_00015879.jpg,2.537864,0.992728
Places365_val_00021687.jpg,2.033425,0.943318
Places365_val_00022120.jpg,2.664539,0.995863
Places365_val_00036407.jpg,2.522963,0.968507
Places365_val_00029948.jpg,2.952527,0.996997
Places365_val_00013472.jpg,2.689343,0.986238
Places365_val_00003379.jpg,1.963590,0.975136
Places365_val_00035553.jpg,2.288383,0.984535
Places365_val_00015206.jpg,2.777118,0.992970
Places365_val_00013524.jpg,2.748861,0.992232
Places365_val_00035316.jpg,2.609874,0.990279
Places365_val_00009771.jpg,1.975675,0.984026
Places365_val_00003711.jpg,2.590507,0.995652
Places365_val_00010489.jpg,2.718964,0.976140
Places365_val_00005245.jpg,2.893719,0.999170
Places365_val_00009167.jpg,2.261974,0.979212
Places365_val_00027237.jpg,3.134298,0.991348
Places365_val_00025214.jpg,2.250011,0.990148
Places365_val_00029847.jpg,2.819647,0.978865
Places365_val_00013341.jpg,2.827401,0.994147
Places365_val_00000971.jpg,2.588011,0.987364
Places365_val_00011773.jpg,2.783694,0.976880
Places365_val_00005971.jpg,2.978761,0.997072
Places365_val_00001840.jpg,2.047703,0.991195
Places365_val_00006898.jpg,2.244699,0.985976
Places365_val_00012152.jpg,2.479635,0.990071
Places365_val_00022064.jpg,2.433188,0.995319
Places365_val_00005638.jpg,2.300685,0.997626
Places365_val_00027031.jpg,2.168029,0.905352
Places365_val_00008947.jpg,1.294861,0.957854
Places365_val_00034119.jpg,2.182897,0.918368
Places365_val_00014996.jpg,2.614538,0.985460
Places365_val_00022763.jpg,3.057329,0.992759
Places365_val_00009473.jpg,1.912661,0.922019
Places365_val_00023526.jpg,2.311508,0.992067
Places365_val_00023822.jpg,2.248368,0.983365
Places365_val_00006513.jpg,2.176395,0.997031
Places365_val_00009742.jpg,2.572241,0.953413
Places365_val_00012116.jpg,2.205713,0.973670
Places365_val_00013000.jpg,2.700973,0.995769
Places365_val_00035464.jpg,2.498814,0.988240
Places365_val_00025314.jpg,2.386429,0.949580
Places365_val_00006233.jpg,2.610516,0.992791
Places365_val_00036346.jpg,2.994944,0.995608
Places365_val_00013616.jpg,2.153062,0.988078
Places365_val_00022139.jpg,2.795553,0.997549
Places365_val_00019411.jpg,2.728354,0.990985
Places365_val_00012311.jpg,2.548020,0.993102
Places365_val_00024361.jpg,2.711411,0.986830
Places365_val_00028791.jpg,2.294174,0.991601
Places365_val_00028081.jpg,3.291576,0.989824
Places365_val_00020182.jpg,1.829648,0.977503
Places365_val_00002317.jpg,2.691132,0.975643
Places365_val_00022812.jpg,2.273355,0.987086
Places365_val_00027148.jpg,2.581513,0.995830
Places365_val_00035239.jpg,2.758574,0.987131
Places365_val_00005607.jpg,1.792675,0.989257
Places365_val_00025726.jpg,2.056810,0.991936
Places365_val_00007469.jpg,2.200759,0.938687
Places365_val_00011722.jpg,2.382469,0.982574
Places365_val_00010707.jpg,2.325928,0.984920
Places365_val_00002585.jpg,2.471723,0.980969
Places365_val_00003119.jpg,2.068169,0.992856
Places365_val_00013557.jpg,2.543264,0.997876
Places365_val_00035249.jpg,2.174675,0.990281
Places365_val_00002547.jpg,2.463413,0.994737
Places365_val_00031709.jpg,2.130698,0.981214
Places365_val_00006124.jpg,2.229635,0.988211
Places365_val_00020317.jpg,1.893190,0.989301
Places365_val_00033053.jpg,2.400047,0.982030
Places365_val_00002466.jpg,3.535951,0.977930
Places365_val_00033499.jpg,2.224937,0.960765
Places365_val_00002561.jpg,2.444256,0.955895
Places365_val_00028111.jpg,2.625076,0.985570
Places365_val_00011718.jpg,2.580834,0.996204
Places365_val_00015971.jpg,2.632692,0.981053
Places365_val_00026842.jpg,2.513384,0.982344
Places365_val_00031469.jpg,1.712198,0.988645
Places365_val_00018614.jpg,2.588644,0.992221
Places365_val_00004950.jpg,1.854250,0.951142
Places365_val_00011863.jpg,2.592777,0.994962
Places365_val_00023270.jpg,2.554445,0.991766
Places365_val_00016827.jpg,2.721827,0.985982
Places365_val_00004832.jpg,2.540854,0.994563
Places365_val_00010356.jpg,2.775610,0.993821
Places365_val_00002828.jpg,2.309842,0.984829
Places365_val_00002307.jpg,3.481941,0.987475
Places365_val_00014160.jpg,2.683695,0.995366
Places365_val_00011078.jpg,1.939945,0.989607
Places365_val_00035677.jpg,2.126926,0.983653
Places365_val_00012001.jpg,2.836891,0.994268
Places365_val_00024693.jpg,2.469612,0.982084
Places365_val_00019114.jpg,2.163466,0.986086
Places365_val_00003162.jpg,2.828295,0.996906
Places365_val_00032662.jpg,2.028440,0.976405
Places365_val_00013704.jpg,2.503449,0.990977
Places365_val_00022262.jpg,2.619153,0.994776
Places365_val_00032132.jpg,2.613911,0.988578
Places365_val_00032023.jpg,2.800203,0.988185
Places365_val_00012814.jpg,2.153763,0.982957
Places365_val_00016624.jpg,2.423858,0.993066
Places365_val_00016725.jpg,1.447840,0.993107
Places365_val_00024873.jpg,2.294821,0.994406
Places365_val_00029953.jpg,2.317356,0.974084
Places365_val_00035052.jpg,2.545734,0.992957
Places365_val_00005458.jpg,2.621512,0.999040
Places365_val_00000791.jpg,2.360274,0.992906
Places365_val_00009031.jpg,1.935334,0.984488
Places365_val_00025854.jpg,1.799892,0.967465
Places365_val_00010145.jpg,2.530216,0.995564
Places365_val_00005491.jpg,2.857398,0.990430
Places365_val_00009293.jpg,2.215362,0.979527
Places365_val_00035319.jpg,2.352500,0.967584
Places365_val_00009559.jpg,2.676123,0.972633
Places365_val_00030514.jpg,2.495868,0.978227
Places365_val_00018581.jpg,2.584535,0.987375
Places365_val_00018994.jpg,2.050907,0.991008
Places365_val_00024880.jpg,2.579512,0.994364
Places365_val_00035039.jpg,2.274826,0.970186
Places365_val_00035055.jpg,1.876119,0.991911
Places365_val_00002821.jpg,2.441961,0.989345
Places365_val_00012546.jpg,2.816956,0.994606
Places365_val_00008302.jpg,2.165722,0.990941
Places365_val_00014382.jpg,2.651550,0.968207
Places365_val_00024905.jpg,1.554792,0.964689
Places365_val_00008362.jpg,2.711001,0.995849
Places365_val_00005622.jpg,3.324214,0.992830
Places365_val_00004846.jpg,2.306723,0.993959
Places365_val_00026848.jpg,2.542423,0.997088
Places365_val_00002633.jpg,2.334810,0.982712
Places365_val_00027300.jpg,2.383379,0.992271
Places365_val_00009558.jpg,2.072053,0.987658
Places365_val_00000103.jpg,2.675237,0.996080
Places365_val_00018613.jpg,2.445783,0.991375
Places365_val_00017527.jpg,2.723590,0.988834
Places365_val_00030735.jpg,2.710356,0.989407
Places365_val_00000818.jpg,2.623641,0.972876
Places365_val_00018529.jpg,2.234203,0.987477
Places365_val_00015083.jpg,3.057979,0.993894
Places365_val_00019333.jpg,2.389963,0.979643
Places365_val_00001548.jpg,2.513462,0.994603
Places365_val_00006135.jpg,2.804413,0.987084
Places365_val_00036326.jpg,2.022893,0.982988
Places365_val_00012643.jpg,2.317470,0.995086
Places365_val_00035030.jpg,2.884867,0.997363
Places365_val_00027210.jpg,2.342491,0.937474
Places365_val_00016997.jpg,2.503222,0.984685
Places365_val_00020917.jpg,1.699209,0.968239
Places365_val_00012240.jpg,1.994967,0.932246
Places365_val_00035842.jpg,2.270012,0.989224
Places365_val_00005492.jpg,2.767010,0.990283
Places365_val_00008916.jpg,2.597278,0.990347
Places365_val_00006879.jpg,2.481247,0.995119
Places365_val_00033367.jpg,2.961604,0.985778
Places365_val_00027529.jpg,2.628887,0.993573
Places365_val_00024259.jpg,2.716804,0.983834
Places365_val_00025096.jpg,2.242200,0.985774
Places365_val_00035171.jpg,2.685477,0.978298
Places365_val_00032647.jpg,1.136622,0.764367
Places365_val_00024926.jpg,2.035906,0.983614
Places365_val_00009079.jpg,2.437274,0.996064
Places365_val_00003421.jpg,2.777172,0.983337
Places365_val_00029480.jpg,2.870778,0.978165
Places365_val_00001261.jpg,1.833428,0.986463
Places365_val_00029056.jpg,2.612593,0.948787
Places365_val_00004088.jpg,2.190108,0.981415
Places365_val_00018943.jpg,2.769495,0.994182
Places365_val_00029881.jpg,3.106168,0.990365
Places365_val_00022050.jpg,2.731669,0.993352
Places365_val_00010109.jpg,2.031777,0.991977
Places365_val_00011441.jpg,2.141916,0.993856
Places365_val_00013882.jpg,2.514597,0.991545
Places365_val_00027038.jpg,2.307625,0.978848
Places365_val_00004208.jpg,2.527527,0.991389
Places365_val_00006882.jpg,3.014204,0.952960
Places365_val_00013141.jpg,2.050820,0.987465
Places365_val_00014514.jpg,2.623780,0.993465
Places365_val_00000137.jpg,2.693357,0.996861
Places365_val_00020158.jpg,2.244731,0.988549
Places365_val_00023649.jpg,2.294281,0.955308
Places365_val_00011197.jpg,1.855206,0.978458
Places365_val_00019734.jpg,2.394543,0.993629
Places365_val_00000309.jpg,2.501543,0.987469
Places365_val_00015996.jpg,2.763646,0.993492
Places365_val_00035441.jpg,2.696736,0.994616
Places365_val_00003186.jpg,1.974291,0.988474
Places365_val_00011102.jpg,2.294751,0.994481
Places365_val_00019598.jpg,2.646659,0.995793
Places365_val_00001702.jpg,1.653939,0.983084
Places365_val_00002647.jpg,1.835794,0.978492
Places365_val_00001664.jpg,3.023316,0.987755
Places365_val_00034313.jpg,2.432722,0.990288
Places365_val_00030453.jpg,2.352567,0.980983
Places365_val_00004758.jpg,2.215705,0.976274
Places365_val_00002575.jpg,2.276484,0.947766
Places365_val_00034230.jpg,2.225787,0.982181
Places365_val_00020366.jpg,2.671612,0.978116
Places365_val_00024758.jpg,2.404719,0.984803
Places365_val_00023791.jpg,2.014651,0.969073
Places365_val_00024476.jpg,1.761641,0.975054
Places365_val_00012013.jpg,2.684959,0.995560
Places365_val_00026378.jpg,2.635643,0.990036
Places365_val_00027656.jpg,2.665610,0.994198
Places365_val_00008992.jpg,1.586970,0.989865
Places365_val_00017648.jpg,1.937090,0.937149
Places365_val_00015254.jpg,2.933487,0.991636
Places365_val_00021887.jpg,2.199093,0.947804
Places365_val_00007746.jpg,2.160182,0.990855
Places365_val_00032079.jpg,2.101193,0.949753
Places365_val_00029036.jpg,2.844701,0.984281
Places365_val_00016325.jpg,2.565747,0.989729
Places365_val_00003626.jpg,2.235717,0.983097
Places365_val_00000939.jpg,2.787231,0.953853
Places365_val_00023889.jpg,2.851707,0.988443
Places365_val_00002593.jpg,2.337906,0.959782
Places365_val_00023114.jpg,1.820335,0.955689
Places365_val_00006689.jpg,2.338766,0.988557
Places365_val_00001430.jpg,2.866395,0.994071
Places365_val_00018610.jpg,2.368557,0.990427
Places365_val_00002802.jpg,2.685955,0.996967
Places365_val_00009310.jpg,2.126276,0.958421
Places365_val_00007679.jpg,2.091753,0.965616
Places365_val_00033293.jpg,1.809494,0.986860
Places365_val_00008704.jpg,2.699730,0.996377
Places365_val_00022808.jpg,2.617453,0.987020
Places365_val_00000861.jpg,2.660605,0.992819
Places365_val_00022276.jpg,2.351450,0.989514
Places365_val_00001699.jpg,2.426935,0.972872
Places365_val_00004353.jpg,2.293965,0.988011
Places365_val_00024724.jpg,2.667495,0.983320
Places365_val_00024018.jpg,2.657815,0.992890
Places365_val_00035647.jpg,2.350622,0.975784
Places365_val_00023695.jpg,2.409450,0.985449
Places365_val_00031784.jpg,2.101810,0.987268
Places365_val_00035687.jpg,1.832407,0.945397
Places365_val_00022043.jpg,2.117538,0.975606
Places365_val_00023873.jpg,2.191786,0.997493
Places365_val_00032929.jpg,2.115214,0.959954
Places365_val_00025672.jpg,2.808549,0.991705
Places365_val_00032097.jpg,2.031819,0.934181
Places365_val_00023089.jpg,2.675736,0.979687
Places365_val_00009181.jpg,3.114109,0.958345
Places365_val_00006439.jpg,1.958716,0.983051
Places365_val_00019442.jpg,1.666832,0.989273
Places365_val_00010277.jpg,1.480648,0.988062
Places365_val_00034589.jpg,1.786315,0.992183
Places365_val_00024734.jpg,2.039597,0.995250
Places365_val_00030451.jpg,2.560442,0.995314
Places365_val_00015510.jpg,2.199578,0.987182
Places365_val_00008455.jpg,2.650428,0.995153
Places365_val_00008461.jpg,2.409464,0.992797
Places365_val_00024795.jpg,2.811237,0.992127
Places365_val_00015151.jpg,2.675619,0.995145
Places365_val_00016909.jpg,2.124373,0.988574
Places365_val_00006636.jpg,2.134432,0.994748
Places365_val_00023474.jpg,2.304022,0.980193
Places365_val_00009190.jpg,2.475103,0.990458
Places365_val_00019580.jpg,1.856356,0.988189
Places365_val_00001630.jpg,1.631866,0.969475
Places365_val_00003019.jpg,2.462164,0.987919
Places365_val_00010042.jpg,2.841322,0.995727
Places365_val_00014198.jpg,2.297058,0.988431
Places365_val_00017927.jpg,2.554938,0.984536
Places365_val_00000970.jpg,2.918006,0.990651
Places365_val_00018309.jpg,1.629424,0.970136
Places365_val_00020730.jpg,2.111233,0.883925
Places365_val_00034686.jpg,2.617921,0.980819
Places365_val_00001958.jpg,2.020396,0.983815
Places365_val_00013523.jpg,3.535414,0.987787
Places365_val_00020041.jpg,2.240941,0.985341
Places365_val_00015464.jpg,1.393956,0.989343
Places365_val_00018490.jpg,3.808482,0.988029
Places365_val_00032979.jpg,2.916435,0.994229
Places365_val_00000852.jpg,2.124850,0.988820
Places365_val_00026141.jpg,2.588120,0.978500
Places365_val_00032066.jpg,3.161018,0.993919
Places365_val_00002120.jpg,2.267361,0.988795
Places365_val_00022454.jpg,1.970318,0.982594
Places365_val_00008034.jpg,2.770516,0.992253
Places365_val_00006045.jpg,2.261284,0.991727
Places365_val_00035851.jpg,2.370282,0.990908
Places365_val_00017161.jpg,2.680905,0.993550
Places365_val_00030363.jpg,2.944729,0.996053
Places365_val_00020181.jpg,2.690360,0.981061
Places365_val_00017096.jpg,2.059030,0.989361
Places365_val_00017793.jpg,1.571677,0.957071
Places365_val_00010820.jpg,2.923281,0.968295
Places365_val_00000809.jpg,2.337606,0.972751
Places365_val_00016392.jpg,2.354038,0.991132
Places365_val_00017472.jpg,2.564392,0.993931
Places365_val_00007316.jpg,2.280476,0.993502
Places365_val_00007101.jpg,2.277350,0.991223
Places365_val_00024343.jpg,2.328222,0.993323
Places365_val_00000779.jpg,2.683018,0.991671
Places365_val_00004739.jpg,3.543612,0.983164
Places365_val_00008136.jpg,2.483775,0.987084
Places365_val_00025586.jpg,2.222579,0.985530
Places365_val_00020490.jpg,2.326970,0.991404
Places365_val_00022470.jpg,2.824523,0.996284
Places365_val_00034071.jpg,2.520589,0.991339
Places365_val_00004728.jpg,2.578395,0.992038
Places365_val_00023877.jpg,3.442146,0.994322
Places365_val_00028920.jpg,2.927473,0.964986
Places365_val_00024264.jpg,2.566232,0.993519
Places365_val_00005421.jpg,1.708146,0.945058
Places365_val_00017426.jpg,2.377021,0.990941
Places365_val_00036221.jpg,2.419730,0.945427
Places365_val_00030388.jpg,2.345183,0.985039
Places365_val_00024787.jpg,2.630562,0.991503
Places365_val_00031449.jpg,2.437190,0.987229
Places365_val_00016416.jpg,2.985217,0.989742
Places365_val_00003612.jpg,2.517022,0.989856
Places365_val_00005666.jpg,2.224669,0.994322
Places365_val_00006407.jpg,2.606631,0.990679
Places365_val_00005853.jpg,2.366307,0.993244
Places365_val_00012338.jpg,1.744867,0.983644
Places365_val_00027788.jpg,3.024629,0.992250
Places365_val_00030752.jpg,2.550645,0.990041
Places365_val_00002388.jpg,2.477492,0.992020
Places365_val_00009791.jpg,2.242870,0.995815
Places365_val_00003303.jpg,2.772672,0.995078
Places365_val_00001227.jpg,2.883603,0.995843
Places365_val_00024620.jpg,2.427573,0.987447
Places365_val_00008870.jpg,2.664336,0.994320
Places365_val_00009157.jpg,2.666866,0.996787
Places365_val_00010153.jpg,2.160888,0.988714
Places365_val_00019299.jpg,1.665397,0.979497
Places365_val_00024094.jpg,1.869212,0.988476
Places365_val_00014813.jpg,2.302675,0.989785
Places365_val_00006069.jpg,2.418930,0.951147
Places365_val_00015796.jpg,1.954400,0.988920
Places365_val_00013708.jpg,2.830156,0.984010
Places365_val_00018742.jpg,2.957878,0.996607
Places365_val_00012749.jpg,2.654572,0.982408
Places365_val_00005546.jpg,3.062146,0.990738
Places365_val_00008967.jpg,2.526961,0.985951
Places365_val_00031065.jpg,2.244134,0.993493
Places365_val_00035530.jpg,2.541404,0.990433
Places365_val_00029833.jpg,1.870772,0.992303
Places365_val_00004893.jpg,2.463724,0.981092
Places365_val_00023992.jpg,2.763109,0.994235
Places365_val_00006493.jpg,2.338463,0.994181
Places365_val_00013135.jpg,2.884461,0.962384
Places365_val_00035892.jpg,1.667226,0.988785
Places365_val_00002029.jpg,2.306936,0.990818
Places365_val_00005052.jpg,2.260003,0.986653
Places365_val_00023748.jpg,2.209264,0.989541
Places365_val_00023046.jpg,2.504667,0.997845
Places365_val_00029583.jpg,3.026149,0.981115
Places365_val_00016976.jpg,3.102564,0.992079
Places365_val_00020285.jpg,2.111491,0.991212
Places365_val_00023613.jpg,2.592579,0.987019
Places365_val_00027473.jpg,2.168157,0.991285
Places365_val_00012876.jpg,2.892807,0.991179
Places365_val_00021224.jpg,2.460431,0.987531
Places365_val_00028426.jpg,2.323985,0.944619
Places365_val_00021099.jpg,2.765806,0.992820
Places365_val_00023016.jpg,2.456276,0.994277
Places365_val_00020751.jpg,2.052452,0.980748
Places365_val_00012374.jpg,2.635402,0.993401
Places365_val_00027868.jpg,2.479131,0.974761
Places365_val_00007977.jpg,2.595259,0.996817
Places365_val_00002803.jpg,2.866778,0.990922
Places365_val_00000880.jpg,2.473157,0.987256
Places365_val_00029358.jpg,2.202632,0.980274
Places365_val_00002299.jpg,2.198978,0.958830
Places365_val_00033256.jpg,2.886190,0.994946
Places365_val_00001864.jpg,2.271791,0.985775
Places365_val_00000327.jpg,2.246638,0.984523
Places365_val_00022690.jpg,2.493173,0.975457
Places365_val_00034209.jpg,2.030001,0.990800
Places365_val_00011037.jpg,2.201174,0.990914
Places365_val_00007825.jpg,1.919649,0.991409
Places365_val_00004584.jpg,2.279389,0.976314
Places365_val_00033037.jpg,2.180760,0.994645
Places365_val_00004003.jpg,2.350238,0.969947
Places365_val_00024598.jpg,2.384352,0.987826
Places365_val_00024503.jpg,3.336763,0.996947
Places365_val_00016138.jpg,2.019441,0.951420
Places365_val_00013889.jpg,1.765512,0.984763
Places365_val_00018548.jpg,2.308865,0.954290
Places365_val_00000053.jpg,2.536969,0.996973
Places365_val_00011488.jpg,2.393067,0.988612
Places365_val_00028793.jpg,2.656577,0.996303
Places365_val_00000182.jpg,2.459512,0.977885
Places365_val_00007704.jpg,2.242546,0.989662
Places365_val_00003622.jpg,1.444006,0.953788
Places365_val_00024824.jpg,2.572704,0.992417
Places365_val_00017401.jpg,2.838949,0.990299
Places365_val_00015390.jpg,2.723974,0.990535
Places365_val_00003100.jpg,2.132286,0.914415
Places365_val_00019843.jpg,2.948486,0.995236
Places365_val_00032988.jpg,2.686349,0.990775
Places365_val_00002536.jpg,2.602275,0.933641
Places365_val_00002182.jpg,2.510108,0.994019
Places365_val_00009877.jpg,2.115117,0.936293
Places365_val_00007203.jpg,2.266009,0.992722
Places365_val_00015121.jpg,2.216645,0.994262
Places365_val_00004522.jpg,2.377018,0.987151
Places365_val_00012671.jpg,2.809763,0.984408
Places365_val_00011925.jpg,2.925375,0.988299
Places365_val_00015773.jpg,2.402769,0.995728
Places365_val_00006260.jpg,2.718668,0.994805
Places365_val_00018505.jpg,2.285467,0.988784
Places365_val_00013086.jpg,2.169276,0.991880
Places365_val_00028085.jpg,2.617955,0.990544
Places365_val_00033894.jpg,2.200395,0.990173
Places365_val_00008091.jpg,3.426291,0.990403
Places365_val_00002793.jpg,2.321262,0.971202
Places365_val_00020381.jpg,2.508347,0.988304
Places365_val_00018245.jpg,2.855994,0.982526
Places365_val_00027444.jpg,2.209546,0.993006
Places365_val_00021852.jpg,2.399541,0.979409
Places365_val_00025042.jpg,2.722555,0.995708
Places365_val_00023034.jpg,2.668596,0.979947
Places365_val_00025035.jpg,2.623865,0.995754
Places365_val_00001025.jpg,1.819715,0.799714
Places365_val_00025609.jpg,2.767848,0.990307
Places365_val_00008976.jpg,2.691346,0.993560
Places365_val_00017580.jpg,2.790457,0.996122
Places365_val_00015712.jpg,1.896838,0.976894
Places365_val_00029811.jpg,2.780513,0.983312
Places365_val_00000016.jpg,2.223581,0.991791
Places365_val_00026407.jpg,3.052385,0.997311
Places365_val_00028437.jpg,2.413860,0.980976
Places365_val_00009938.jpg,2.224774,0.983631
Places365_val_00014337.jpg,2.830194,0.980257
Places365_val_00011323.jpg,3.299749,0.980343
Places365_val_00021184.jpg,2.689444,0.993338
Places365_val_00030820.jpg,2.036569,0.991956
Places365_val_00031865.jpg,2.579351,0.978421
Places365_val_00031615.jpg,3.211465,0.982334
Places365_val_00029416.jpg,2.354744,0.996684
Places365_val_00030762.jpg,2.635834,0.991194
Places365_val_00010981.jpg,2.641667,0.993122
Places365_val_00033475.jpg,2.767030,0.996191
Places365_val_00025920.jpg,2.603807,0.990462
Places365_val_00031666.jpg,2.239946,0.991096
Places365_val_00008283.jpg,2.510536,0.993378
Places365_val_00028810.jpg,2.413914,0.969391
Places365_val_00031333.jpg,3.208871,0.993206
Places365_val_00027407.jpg,2.103057,0.984844
Places365_val_00008797.jpg,2.420553,0.992586
Places365_val_00022440.jpg,2.359955,0.969695
Places365_val_00010119.jpg,2.604011,0.993448
Places365_val_00008385.jpg,2.451264,0.986472
Places365_val_00031442.jpg,2.594832,0.996869
Places365_val_00007302.jpg,2.377257,0.980362
Places365_val_00012288.jpg,2.806660,0.991580
Places365_val_00015255.jpg,2.409981,0.994064
Places365_val_00012623.jpg,2.559198,0.937856
Places365_val_00010551.jpg,1.750764,0.981628
Places365_val_00032967.jpg,2.542184,0.987392
Places365_val_00000922.jpg,2.304149,0.989312
Places365_val_00006274.jpg,1.979743,0.993467
Places365_val_00003434.jpg,1.650578,0.896433
Places365_val_00018024.jpg,2.144817,0.960182
Places365_val_00022046.jpg,2.306534,0.992017
Places365_val_00008862.jpg,1.934475,0.961218
Places365_val_00023500.jpg,2.493516,0.996743
Places365_val_00012268.jpg,2.325831,0.992615
Places365_val_00014063.jpg,2.321927,0.991055
Places365_val_00035125.jpg,2.270877,0.964415
Places365_val_00002675.jpg,2.179563,0.987774
Places365_val_00003970.jpg,2.241559,0.995658
Places365_val_00017270.jpg,2.077417,0.995078
Places365_val_00009930.jpg,2.224858,0.995091
Places365_val_00013807.jpg,2.432229,0.989899
Places365_val_00030562.jpg,2.899671,0.994107
Places365_val_00027355.jpg,2.343921,0.989855
Places365_val_00018156.jpg,2.346834,0.987073
Places365_val_00011433.jpg,2.191043,0.991082
Places365_val_00009342.jpg,2.623114,0.986586
Places365_val_00003493.jpg,2.427752,0.975149
Places365_val_00025281.jpg,3.305453,0.991262
Places365_val_00028630.jpg,2.615982,0.994284
Places365_val_00018221.jpg,2.428570,0.980764
Places365_val_00028751.jpg,1.920539,0.994119
Places365_val_00024915.jpg,2.587018,0.996744
Places365_val_00015214.jpg,2.795162,0.984117
Places365_val_00028453.jpg,2.440555,0.990283
Places365_val_00005000.jpg,1.734366,0.956467
Places365_val_00018071.jpg,2.079949,0.979775
Places365_val_00028475.jpg,2.257687,0.994330
Places365_val_00028138.jpg,2.281473,0.984334
Places365_val_00035290.jpg,2.126788,0.989317
Places365_val_00002909.jpg,2.943374,0.992421
Places365_val_00004196.jpg,1.793340,0.983661
Places365_val_00002726.jpg,3.024790,0.994218
Places365_val_00010765.jpg,1.913448,0.988271
Places365_val_00030667.jpg,2.286958,0.990370
Places365_val_00016321.jpg,2.781366,0.994662
Places365_val_00013823.jpg,2.190863,0.972788
Places365_val_00010289.jpg,2.951494,0.996373
Places365_val_00028727.jpg,2.496997,0.980885
Places365_val_00017760.jpg,2.705996,0.993837
Places365_val_00022906.jpg,2.437849,0.987532
Places365_val_00029208.jpg,2.560415,0.988401
Places365_val_00013772.jpg,2.958649,0.990835
Places365_val_00017382.jpg,2.542911,0.981997
Places365_val_00026205.jpg,2.445795,0.986522
Places365_val_00002270.jpg,2.401941,0.993444
Places365_val_00014367.jpg,2.810814,0.990816
Places365_val_00004045.jpg,2.025989,0.969159
Places365_val_00020873.jpg,2.771683,0.989696
Places365_val_00035992.jpg,2.726629,0.997628
Places365_val_00031159.jpg,2.391246,0.992800
Places365_val_00019322.jpg,2.552843,0.996981
Places365_val_00008490.jpg,2.687005,0.985213
Places365_val_00004209.jpg,2.959254,0.920107
Places365_val_00000614.jpg,2.584481,0.993371
Places365_val_00019230.jpg,2.268568,0.995967
Places365_val_00030641.jpg,2.377843,0.993908
Places365_val_00031848.jpg,2.727141,0.996243
Places365_val_00031863.jpg,1.882256,0.975576
Places365_val_00025524.jpg,2.624621,0.994732
Places365_val_00034061.jpg,1.783004,0.958460
Places365_val_00014795.jpg,2.797841,0.987053
Places365_val_00019689.jpg,2.331134,0.986369
Places365_val_00001778.jpg,2.138208,0.990149
Places365_val_00003976.jpg,2.692107,0.993302
Places365_val_00005398.jpg,2.384012,0.891594
Places365_val_00025078.jpg,2.309186,0.988447
Places365_val_00028548.jpg,2.693575,0.992901
Places365_val_00032421.jpg,2.250550,0.974305
Places365_val_00036164.jpg,2.497195,0.992124
Places365_val_00009453.jpg,2.700266,0.996054
Places365_val_00032543.jpg,2.413246,0.988563
Places365_val_00006956.jpg,3.110943,0.986349
Places365_val_00008783.jpg,2.127945,0.972548
Places365_val_00023665.jpg,1.979122,0.940575
Places365_val_00028320.jpg,2.783216,0.995202
Places365_val_00003763.jpg,2.446209,0.989006
Places365_val_00002925.jpg,2.182730,0.964617
Places365_val_00021120.jpg,2.865296,0.991625
Places365_val_00030546.jpg,2.186718,0.985408
Places365_val_00022892.jpg,2.107583,0.984815
Places365_val_00026864.jpg,3.045361,0.996976
Places365_val_00016227.jpg,3.040851,0.993855
Places365_val_00007531.jpg,2.354205,0.997404
Places365_val_00033996.jpg,2.837396,0.984711
Places365_val_00028968.jpg,1.816883,0.988798
Places365_val_00031299.jpg,2.361258,0.987988
Places365_val_00030925.jpg,2.410663,0.984474
Places365_val_00014580.jpg,2.789234,0.983600
Places365_val_00009227.jpg,3.031083,0.997665
Places365_val_00005319.jpg,2.332594,0.988821
Places365_val_00006810.jpg,2.383766,0.990561
Places365_val_00005318.jpg,2.564059,0.997535
Places365_val_00004269.jpg,2.154879,0.978840
Places365_val_00003384.jpg,2.196730,0.981777
Places365_val_00024117.jpg,2.219220,0.992944
Places365_val_00026029.jpg,2.152982,0.962932
Places365_val_00001878.jpg,2.565724,0.996865
Places365_val_00013738.jpg,2.096511,0.993837
Places365_val_00031936.jpg,2.402908,0.992981
Places365_val_00018084.jpg,2.661521,0.993641
Places365_val_00027609.jpg,1.967927,0.991352
Places365_val_00019810.jpg,1.977296,0.996152
Places365_val_00032422.jpg,2.667478,0.996111
Places365_val_00017953.jpg,3.171570,0.984737
Places365_val_00016953.jpg,2.915701,0.989856
Places365_val_00030360.jpg,2.608748,0.989940
Places365_val_00001307.jpg,2.414535,0.996036
Places365_val_00034478.jpg,2.422784,0.994648
Places365_val_00024190.jpg,2.215779,0.987278
Places365_val_00021980.jpg,2.442544,0.993682
Places365_val_00015725.jpg,2.766624,0.996094
Places365_val_00000344.jpg,2.803056,0.995794
Places365_val_00030495.jpg,3.118191,0.976529
Places365_val_00023126.jpg,2.540076,0.994333
Places365_val_00003683.jpg,2.254400,0.970448
Places365_val_00034884.jpg,2.003258,0.968182
Places365_val_00002274.jpg,2.784664,0.994735
Places365_val_00003758.jpg,3.900756,0.955434
Places365_val_00002637.jpg,2.554813,0.995845
Places365_val_00001839.jpg,1.960732,0.980031
Places365_val_00013366.jpg,2.511883,0.981885
Places365_val_00005367.jpg,2.430317,0.966164
Places365_val_00035860.jpg,2.827791,0.982916
Places365_val_00003590.jpg,2.761748,0.993800
Places365_val_00025970.jpg,2.335563,0.996055
Places365_val_00031543.jpg,2.617893,0.996572
Places365_val_00021514.jpg,2.382162,0.991678
Places365_val_00017568.jpg,2.294475,0.994512
Places365_val_00023867.jpg,2.831991,0.976264
Places365_val_00017451.jpg,1.794710,0.987204
Places365_val_00019597.jpg,2.570607,0.988695
Places365_val_00006474.jpg,2.193618,0.988645
Places365_val_00015544.jpg,2.477353,0.984504
Places365_val_00012737.jpg,3.451736,0.995788
Places365_val_00019038.jpg,2.596549,0.990657
Places365_val_00005058.jpg,1.706672,0.990046
Places365_val_00006442.jpg,2.528146,0.983268
Places365_val_00014966.jpg,2.592018,0.992845
Places365_val_00004754.jpg,2.689465,0.995522
Places365_val_00015233.jpg,2.759083,0.994819
Places365_val_00034228.jpg,2.331735,0.996153
Places365_val_00028661.jpg,2.632814,0.987251
Places365_val_00012391.jpg,3.171636,0.997284
Places365_val_00031207.jpg,2.376150,0.991678
Places365_val_00007296.jpg,1.948751,0.966769
Places365_val_00000510.jpg,2.405150,0.995007
Places365_val_00016456.jpg,3.159683,0.990430
Places365_val_00006928.jpg,2.274593,0.993983
Places365_val_00021221.jpg,2.618090,0.994606
Places365_val_00002773.jpg,1.958764,0.943520
Places365_val_00010969.jpg,2.760646,0.995256
Places365_val_00024262.jpg,1.801261,0.972772
Places365_val_00003073.jpg,2.666943,0.997522
Places365_val_00031683.jpg,2.552636,0.974657
Places365_val_00029245.jpg,2.722523,0.995296
Places365_val_00004511.jpg,2.690683,0.983633
Places365_val_00010771.jpg,2.094874,0.987903
Places365_val_00026347.jpg,2.191499,0.984128
Places365_val_00008474.jpg,2.989992,0.994041
Places365_val_00029742.jpg,2.361531,0.964015
Places365_val_00003252.jpg,2.234020,0.985612
Places365_val_00008910.jpg,2.112968,0.973696
Places365_val_00006021.jpg,2.530244,0.990353
Places365_val_00011085.jpg,1.943971,0.889098
Places365_val_00013754.jpg,2.996148,0.989154
Places365_val_00022495.jpg,3.112411,0.987829
Places365_val_00009471.jpg,2.236395,0.983073
Places365_val_00007632.jpg,2.485667,0.989826
Places365_val_00018745.jpg,2.030976,0.961522
Places365_val_00010901.jpg,2.703824,0.992184
Places365_val_00017003.jpg,2.581351,0.996679
Places365_val_00021506.jpg,2.162893,0.990721
Places365_val_00005962.jpg,2.372470,0.991623
Places365_val_00024452.jpg,2.300620,0.987047
Places365_val_00003122.jpg,2.304630,0.991169
Places365_val_00017023.jpg,2.879064,0.997895
Places365_val_00019075.jpg,2.752627,0.976277
Places365_val_00016136.jpg,2.719568,0.960840
Places365_val_00029023.jpg,2.580950,0.996012
Places365_val_00033136.jpg,2.865509,0.985177
Places365_val_00020493.jpg,2.230799,0.975383
Places365_val_00001485.jpg,2.400946,0.994771
Places365_val_00035483.jpg,2.961542,0.991298
Places365_val_00031389.jpg,2.305811,0.997179
Places365_val_00033969.jpg,2.391825,0.990732
Places365_val_00013133.jpg,1.933926,0.972570
Places365_val_00003952.jpg,3.035322,0.981903
Places365_val_00014727.jpg,2.467086,0.978251
Places365_val_00010322.jpg,2.498172,0.995491
Places365_val_00028118.jpg,3.044409,0.991237
Places365_val_00025836.jpg,2.301334,0.987532
Places365_val_00017996.jpg,2.472162,0.994042
Places365_val_00033241.jpg,2.608282,0.997305
Places365_val_00003133.jpg,1.792810,0.935202
Places365_val_00024788.jpg,2.984455,0.986929
Places365_val_00007461.jpg,2.407623,0.996169
Places365_val_00026917.jpg,3.079411,0.993853
Places365_val_00019157.jpg,3.175576,0.989458
Places365_val_00006746.jpg,2.257240,0.994197
Places365_val_00028166.jpg,3.341556,0.998925
Places365_val_00033087.jpg,2.304000,0.996084
Places365_val_00029325.jpg,2.312669,0.991396
Places365_val_00015928.jpg,2.714225,0.988511
Places365_val_00034950.jpg,2.862938,0.975614
Places365_val_00021869.jpg,2.346879,0.990979
Places365_val_00019923.jpg,1.898616,0.987995
Places365_val_00027001.jpg,1.957056,0.956815
Places365_val_00003488.jpg,2.100043,0.990580
Places365_val_00018666.jpg,2.033919,0.992847
Places365_val_00011477.jpg,1.997558,0.991554
Places365_val_00008415.jpg,3.192611,0.991838
Places365_val_00030332.jpg,2.400722,0.945597
Places365_val_00006073.jpg,1.561644,0.973503
Places365_val_00009735.jpg,1.441178,0.972106
Places365_val_00023968.jpg,2.386763,0.991352
Places365_val_00012010.jpg,2.875557,0.978323
Places365_val_00021442.jpg,2.241554,0.956738
Places365_val_00011321.jpg,3.152321,0.989624
Places365_val_00028415.jpg,1.945520,0.993523
Places365_val_00017540.jpg,2.659574,0.989925
Places365_val_00028771.jpg,3.503500,0.988771
Places365_val_00024781.jpg,1.899566,0.979754
Places365_val_00008276.jpg,2.535228,0.994236
Places365_val_00025905.jpg,1.835339,0.954709
Places365_val_00032913.jpg,2.699935,0.993069
Places365_val_00036373.jpg,1.816288,0.958507
Places365_val_00026539.jpg,3.694850,0.980460
Places365_val_00011641.jpg,2.608170,0.906768
Places365_val_00032880.jpg,2.813331,0.998422
Places365_val_00034460.jpg,2.258121,0.976436
Places365_val_00016199.jpg,2.302044,0.986410
Places365_val_00015242.jpg,2.620646,0.984540
Places365_val_00021825.jpg,2.680964,0.994036
Places365_val_00008044.jpg,2.185765,0.987192
Places365_val_00035268.jpg,2.682715,0.995031
Places365_val_00014037.jpg,1.863762,0.989318
Places365_val_00023108.jpg,2.161954,0.996782
Places365_val_00004945.jpg,2.090976,0.978215
Places365_val_00003744.jpg,2.581120,0.982675
Places365_val_00034242.jpg,1.997256,0.982355
Places365_val_00010009.jpg,2.291491,0.991727
Places365_val_00011196.jpg,2.355331,0.982932
Places365_val_00031721.jpg,2.514199,0.991061
Places365_val_00027034.jpg,2.854039,0.994816
Places365_val_00017549.jpg,2.728264,0.991512
Places365_val_00008186.jpg,2.898475,0.995737
Places365_val_00000278.jpg,2.173996,0.987462
Places365_val_00025244.jpg,2.484457,0.996094
Places365_val_00032691.jpg,2.375672,0.988279
Places365_val_00011200.jpg,2.008185,0.748321
Places365_val_00009249.jpg,1.904376,0.978842
Places365_val_00027855.jpg,2.388240,0.990898
Places365_val_00025240.jpg,2.428742,0.975919
Places365_val_00012305.jpg,2.489078,0.990247
Places365_val_00006398.jpg,2.575930,0.967005
Places365_val_00003835.jpg,2.600349,0.988976
Places365_val_00013668.jpg,2.761826,0.992854
Places365_val_00020604.jpg,2.454869,0.987410
Places365_val_00023136.jpg,2.357421,0.991941
Places365_val_00028382.jpg,2.302490,0.995058
Places365_val_00020638.jpg,2.343859,0.993495
Places365_val_00029476.jpg,2.262245,0.972476
Places365_val_00001273.jpg,2.823807,0.995435
Places365_val_00025512.jpg,2.263626,0.980681
Places365_val_00002747.jpg,2.333496,0.949713
Places365_val_00028959.jpg,2.498624,0.990438
Places365_val_00031327.jpg,2.028085,0.980048
Places365_val_00010651.jpg,1.991820,0.972585
Places365_val_00030814.jpg,2.785518,0.992686
Places365_val_00001612.jpg,2.808159,0.991910
Places365_val_00015944.jpg,2.022308,0.978143
Places365_val_00009218.jpg,2.407115,0.986350
Places365_val_00021444.jpg,2.584113,0.992033
Places365_val_00013062.jpg,2.485404,0.989770
Places365_val_00010598.jpg,2.096296,0.990402
Places365_val_00015877.jpg,2.033838,0.985414
